,Num. Active ATMs (all time),Num. Active 424s (all time),Num. Active 424B5s (past year),Num. Active 424B3s (past year),Shares Raised in the Past Year,Dollars Raised in the Past Year,Current Offering (shares),Current Offering (cash),ATM Present,Offering Present
0,0,0,0,[],0.0,0.0,0.0,0.0,False,False
1,0,0,0,[],0.0,0.0,0.0,0.0,False,False
2,2,3,2,3,0.0,8.97,5000000.0,150000000.0,True,True
3,0,0,0,[],0.0,0.0,0.0,0.0,False,False
4,0,0,0,[],0.0,0.0,0.0,0.0,False,False
5,0,1,0,1,0.0,0.0,4608589.0,0.0,False,True
6,0,0,0,[],0.0,0.0,0.0,0.0,False,False
7,1,9,0,7,63088238.0,0.0,19932463.0,50000000.0,True,True
8,3,4,3,4,0.0,37800000.0,450000.0,4200000.0,True,True
9,2,4,1,3,873335.0,0.0,354000.0,6602390.0,True,True
10,0,0,0,[],0.0,0.0,0.0,0.0,False,False
11,0,0,0,[],0.0,0.0,0.0,0.0,False,False
12,0,0,0,[],0.0,0.0,0.0,0.0,False,False
13,0,0,0,[],0.0,0.0,0.0,0.0,False,False
14,0,0,0,[],0.0,0.0,0.0,0.0,False,False
15,1,9,0,7,63088238.0,0.0,19932463.0,50000000.0,True,True
16,3,4,3,4,0.0,4194700.16,9090910.0,0.0,False,True
17,0,1,0,1,0.0,0.0,12903224.0,0.0,False,True
18,0,2,0,0,0.0,0.0,15272493.0,0.0,False,True
19,0,0,0,[],0.0,0.0,0.0,0.0,False,False
20,0,0,0,[],0.0,0.0,0.0,0.0,False,False
21,1,1,1,1,0.0,0.0,0.0,16000000.0,True,True
22,0,0,0,[],0.0,0.0,0.0,0.0,False,False
23,0,1,0,0,0.0,0.0,3616174.0,0.0,False,True
24,0,0,0,[],0.0,0.0,0.0,0.0,False,False
25,0,0,0,[],0.0,0.0,0.0,0.0,False,False
26,3,4,3,4,0.0,4194700.16,9090910.0,0.0,False,True
27,0,0,0,[],0.0,0.0,0.0,0.0,False,False
28,2,4,1,2,0.0,0.0,5149.0,25000000.0,True,True
29,0,0,0,[],0.0,0.0,0.0,0.0,False,False
30,0,0,0,[],0.0,0.0,0.0,0.0,False,False
31,0,0,0,[],0.0,0.0,0.0,0.0,False,False
32,2,4,1,3,873335.0,0.0,354000.0,6602390.0,True,True
33,2,4,1,3,873335.0,0.0,354000.0,6602390.0,True,True
34,0,0,0,[],0.0,0.0,0.0,0.0,False,False
35,0,0,0,[],0.0,0.0,0.0,0.0,False,False
36,1,2,1,2,0.0,0.0,1515878.0,50000000.0,True,True
37,0,0,0,[],0.0,0.0,0.0,0.0,False,False
38,0,0,0,[],0.0,0.0,0.0,0.0,False,False
39,0,3,0,3,167106828.0,0.0,9598979.0,0.0,False,True
40,2,3,2,3,0.0,15000000.0,1000002.0,4400000.0,True,True
41,0,0,0,[],0.0,0.0,0.0,0.0,False,False
42,0,0,0,[],0.0,0.0,0.0,0.0,False,False
43,0,0,0,[],0.0,0.0,0.0,0.0,False,False
44,0,0,0,[],0.0,0.0,0.0,0.0,False,False
45,0,0,0,[],0.0,0.0,0.0,0.0,False,False
46,0,0,0,[],0.0,0.0,0.0,0.0,False,False
47,0,0,0,[],0.0,0.0,0.0,0.0,False,False
48,3,5,1,1,0.0,0.0,3200000.0,0.0,False,True
49,0,0,0,[],0.0,0.0,0.0,0.0,False,False
50,0,0,0,[],0.0,0.0,0.0,0.0,False,False
51,0,1,0,1,0.0,0.0,1481484.0,0.0,False,True
52,2,4,1,1,0.0,0.0,36129060.0,0.0,False,True
53,2,3,0,0,0.0,0.0,9333334.0,25782015.0,True,True
54,0,0,0,[],0.0,0.0,0.0,0.0,False,False
55,0,0,0,[],0.0,0.0,0.0,0.0,False,False
56,0,0,0,[],0.0,0.0,0.0,0.0,False,False
57,0,0,0,[],0.0,0.0,0.0,0.0,False,False
58,0,0,0,[],0.0,0.0,0.0,0.0,False,False
59,0,0,0,[],0.0,0.0,0.0,0.0,False,False
60,0,0,0,[],0.0,0.0,0.0,0.0,False,False
61,0,0,0,[],0.0,0.0,0.0,0.0,False,False
62,4,8,1,1,0.0,0.0,7000000.0,60000000.0,True,True
63,0,0,0,[],0.0,0.0,0.0,0.0,False,False
64,0,0,0,[],0.0,0.0,0.0,0.0,False,False
65,0,0,0,[],0.0,0.0,0.0,0.0,False,False
66,0,0,0,[],0.0,0.0,0.0,0.0,False,False
67,0,1,0,1,0.0,0.0,1481484.0,0.0,False,True
68,0,0,0,[],0.0,0.0,0.0,0.0,False,False
69,0,0,0,[],0.0,0.0,0.0,0.0,False,False
70,0,0,0,[],0.0,0.0,0.0,0.0,False,False
71,1,1,0,0,0.0,0.0,0.0,5000000.0,True,True
72,0,0,0,[],0.0,0.0,0.0,0.0,False,False
73,0,0,0,[],0.0,0.0,0.0,0.0,False,False
74,0,0,0,[],0.0,0.0,0.0,0.0,False,False
75,0,0,0,[],0.0,0.0,0.0,0.0,False,False
76,0,0,0,[],0.0,0.0,0.0,0.0,False,False
77,0,0,0,[],0.0,0.0,0.0,0.0,False,False
78,0,0,0,[],0.0,0.0,0.0,0.0,False,False
79,2,4,0,1,0.0,0.0,1800000.0,5250000.0,True,True
80,0,0,0,[],0.0,0.0,0.0,0.0,False,False
81,0,0,0,[],0.0,0.0,0.0,0.0,False,False
82,1,7,1,5,91896320.0,0.0,30680.0,0.0,False,True
83,6,7,3,3,0.0,450000000.0001,3750000.0,0.0,False,True
84,0,0,0,[],0.0,0.0,0.0,0.0,False,False
85,0,0,0,[],0.0,0.0,0.0,0.0,False,False
86,1,2,0,0,0.0,0.0,15000000.0,0.0,False,True
87,0,0,0,[],0.0,0.0,0.0,0.0,False,False
88,4,5,3,3,0.0,200000000.01,12000000.0,0.0,False,True
89,0,0,0,[],0.0,0.0,0.0,0.0,False,False
90,0,0,0,[],0.0,0.0,0.0,0.0,False,False
91,0,0,0,[],0.0,0.0,0.0,0.0,False,False
92,0,0,0,[],0.0,0.0,0.0,0.0,False,False
93,0,0,0,[],0.0,0.0,0.0,0.0,False,False
94,1,1,1,1,0.0,0.0,0.0,50000000.0,True,True
95,0,2,0,1,0.0,0.0,1200000.0,0.0,False,True
96,0,0,0,[],0.0,0.0,0.0,0.0,False,False
97,0,0,0,[],0.0,0.0,0.0,0.0,False,False
98,3,5,1,2,0.0,0.0,2370435.0,25000000.0,True,True
99,0,0,0,[],0.0,0.0,0.0,0.0,False,False
100,1,1,1,1,0.0,0.0,0.0,25000000.0,True,True
101,0,1,0,1,0.0,0.0,12903224.0,0.0,False,True
102,0,0,0,[],0.0,0.0,0.0,0.0,False,False
103,4,4,4,4,0.0,700025000.0,0.0,25000.0,True,True
104,0,0,0,[],0.0,0.0,0.0,0.0,False,False
105,0,0,0,[],0.0,0.0,0.0,0.0,False,False
106,0,2,0,2,9805845.0,0.0,10000000.0,0.0,False,True
107,0,0,0,[],0.0,0.0,0.0,0.0,False,False
108,0,1,0,0,0.0,0.0,1175712.0,0.0,False,True
109,0,0,0,[],0.0,0.0,0.0,0.0,False,False
110,3,4,3,4,0.0,37800000.0,450000.0,4200000.0,True,True
111,1,1,1,1,0.0,0.0,0.0,25000000.0,True,True
112,3,5,1,2,0.0,0.0,20000000.0,0.0,False,True
113,0,0,0,[],0.0,0.0,0.0,0.0,False,False
114,0,0,0,[],0.0,0.0,0.0,0.0,False,False
115,0,0,0,[],0.0,0.0,0.0,0.0,False,False
116,0,0,0,[],0.0,0.0,0.0,0.0,False,False
117,0,0,0,[],0.0,0.0,0.0,0.0,False,False
118,0,0,0,[],0.0,0.0,0.0,0.0,False,False
119,0,0,0,[],0.0,0.0,0.0,0.0,False,False
120,0,0,0,[],0.0,0.0,0.0,0.0,False,False
121,3,4,3,4,0.0,37800000.0,450000.0,4200000.0,True,True
122,1,9,0,7,63088238.0,0.0,19932463.0,50000000.0,True,True
123,0,0,0,[],0.0,0.0,0.0,0.0,False,False
124,0,0,0,[],0.0,0.0,0.0,0.0,False,False
125,0,0,0,[],0.0,0.0,0.0,0.0,False,False
126,0,0,0,[],0.0,0.0,0.0,0.0,False,False
127,4,4,4,4,0.0,137800000.0,0.0,5000000.0,True,True
128,0,0,0,[],0.0,0.0,0.0,0.0,False,False
129,0,0,0,[],0.0,0.0,0.0,0.0,False,False
130,0,1,0,1,0.0,0.0,2116050.0,0.0,False,True
131,0,0,0,[],0.0,0.0,0.0,0.0,False,False
132,4,4,4,4,0.0,137800000.0,0.0,5000000.0,True,True
133,1,3,0,0,0.0,0.0,0.0,0.0,False,True
134,0,0,0,[],0.0,0.0,0.0,0.0,False,False
135,0,0,0,[],0.0,0.0,0.0,0.0,False,False
136,2,3,2,3,0.0,8.97,5000000.0,150000000.0,True,True
137,0,0,0,[],0.0,0.0,0.0,0.0,False,False
138,0,0,0,[],0.0,0.0,0.0,0.0,False,False
139,0,0,0,[],0.0,0.0,0.0,0.0,False,False
140,2,7,2,5,40000000.0,3.07,12000000.0,0.0,False,True
141,1,1,1,1,0.0,0.0,0.0,100000000.0,True,True
142,0,0,0,[],0.0,0.0,0.0,0.0,False,False
143,0,0,0,[],0.0,0.0,0.0,0.0,False,False
144,0,1,0,0,0.0,0.0,9000000.0,0.0,False,True
145,0,0,0,[],0.0,0.0,0.0,0.0,False,False
146,0,2,0,1,0.0,0.0,1200000.0,0.0,False,True
147,4,8,2,4,23500000.0,50000000.0,8368200.0,0.0,False,True
148,0,0,0,[],0.0,0.0,0.0,0.0,False,False
149,0,0,0,[],0.0,0.0,0.0,0.0,False,False
150,0,0,0,[],0.0,0.0,0.0,0.0,False,False
151,0,0,0,[],0.0,0.0,0.0,0.0,False,False
152,0,0,0,[],0.0,0.0,0.0,0.0,False,False
153,0,0,0,[],0.0,0.0,0.0,0.0,False,False
154,0,0,0,[],0.0,0.0,0.0,0.0,False,False
155,0,0,0,[],0.0,0.0,0.0,0.0,False,False
156,0,0,0,[],0.0,0.0,0.0,0.0,False,False
157,0,0,0,[],0.0,0.0,0.0,0.0,False,False
158,0,0,0,[],0.0,0.0,0.0,0.0,False,False
159,0,0,0,[],0.0,0.0,0.0,0.0,False,False
160,0,0,0,[],0.0,0.0,0.0,0.0,False,False
161,2,2,2,2,0.0,100000000.0,0.0,100000000.0,True,True
162,0,0,0,[],0.0,0.0,0.0,0.0,False,False
163,1,3,0,2,107049375.0,0.0,0.0,62821700.0,True,True
164,0,1,0,0,0.0,0.0,11209072.0,0.0,False,True
165,2,2,2,2,0.0,100000000.0,0.0,100000000.0,True,True
166,0,0,0,[],0.0,0.0,0.0,0.0,False,False
167,0,0,0,[],0.0,0.0,0.0,0.0,False,False
168,3,5,3,5,4000.0,50000003.13,9000000.0,0.0,False,True
169,0,0,0,[],0.0,0.0,0.0,0.0,False,False
170,1,8,0,6,52680830.0,0.0,19932463.0,50000000.0,True,True
171,4,8,2,4,23500000.0,50000000.0,8368200.0,0.0,False,True
172,0,0,0,[],0.0,0.0,0.0,0.0,False,False
173,0,0,0,[],0.0,0.0,0.0,0.0,False,False
174,2,3,2,3,0.0,15000000.0,1000002.0,4400000.0,True,True
175,4,4,2,2,0.0,95000000.0,0.0,30000000.0,True,True
176,1,1,1,1,0.0,0.0,0.0,100000000.0,True,True
177,1,7,0,2,2084850.0,0.0,0.0,150000000.0,True,True
178,2,3,2,3,0.0,15700000.0,450000.0,4200000.0,True,True
179,0,0,0,[],0.0,0.0,0.0,0.0,False,False
180,0,0,0,[],0.0,0.0,0.0,0.0,False,False
181,0,0,0,[],0.0,0.0,0.0,0.0,False,False
182,0,0,0,[],0.0,0.0,0.0,0.0,False,False
183,0,0,0,[],0.0,0.0,0.0,0.0,False,False
184,0,0,0,[],0.0,0.0,0.0,0.0,False,False
185,0,0,0,[],0.0,0.0,0.0,0.0,False,False
186,0,0,0,[],0.0,0.0,0.0,0.0,False,False
187,0,0,0,[],0.0,0.0,0.0,0.0,False,False
188,0,0,0,[],0.0,0.0,0.0,0.0,False,False
189,2,3,1,2,0.0,0.0,26982945.0,150000000.0,True,True
190,0,0,0,[],0.0,0.0,0.0,0.0,False,False
191,0,0,0,[],0.0,0.0,0.0,0.0,False,False
192,4,6,2,3,0.0,50605000.0,6875000.0,0.0,False,True
193,0,0,0,[],0.0,0.0,0.0,0.0,False,False
194,0,0,0,[],0.0,0.0,0.0,0.0,False,False
195,0,1,0,1,0.0,0.0,0.0,0.0,False,True
196,1,1,1,1,0.0,0.0,0.0,100000000.0,True,True
197,0,0,0,[],0.0,0.0,0.0,0.0,False,False
198,2,3,2,3,0.0,15000000.0,1000002.0,4400000.0,True,True
199,0,0,0,[],0.0,0.0,0.0,0.0,False,False
200,0,0,0,[],0.0,0.0,0.0,0.0,False,False
201,1,8,0,6,52680830.0,0.0,19932463.0,50000000.0,True,True
202,0,0,0,[],0.0,0.0,0.0,0.0,False,False
203,0,0,0,[],0.0,0.0,0.0,0.0,False,False
204,0,0,0,[],0.0,0.0,0.0,0.0,False,False
205,0,0,0,[],0.0,0.0,0.0,0.0,False,False
206,0,0,0,[],0.0,0.0,0.0,0.0,False,False
207,0,2,0,2,500000.0,0.0,1200000.0,0.0,False,True
208,0,0,0,[],0.0,0.0,0.0,0.0,False,False
209,0,0,0,[],0.0,0.0,0.0,0.0,False,False
210,0,0,0,[],0.0,0.0,0.0,0.0,False,False
211,7,8,7,8,0.0,75000113.0,262500.0,50000000.0,True,True
212,1,3,0,1,0.0,0.0,4388490.0,0.0,False,True
213,0,1,0,1,0.0,0.0,600000.0,0.0,False,True
214,0,0,0,[],0.0,0.0,0.0,0.0,False,False
215,2,4,2,4,1818182.0,0.0001,1449275.0,0.0,False,True
216,0,1,0,1,0.0,0.0,600000.0,0.0,False,True
217,3,5,1,2,0.0,0.0,2370435.0,25000000.0,True,True
218,0,0,0,[],0.0,0.0,0.0,0.0,False,False
219,0,1,0,1,0.0,0.0,9433962.0,0.0,False,True
220,2,3,2,3,0.0,15700000.0,450000.0,4200000.0,True,True
221,0,0,0,[],0.0,0.0,0.0,0.0,False,False
222,0,0,0,[],0.0,0.0,0.0,0.0,False,False
223,4,8,3,6,22049660.0,20000000.0001,5000000.0,0.0,False,True
224,2,3,2,3,0.0,15700000.0,450000.0,4200000.0,True,True
225,0,0,0,[],0.0,0.0,0.0,0.0,False,False
226,0,0,0,[],0.0,0.0,0.0,0.0,False,False
227,0,0,0,[],0.0,0.0,0.0,0.0,False,False
228,0,0,0,[],0.0,0.0,0.0,0.0,False,False
229,0,0,0,[],0.0,0.0,0.0,0.0,False,False
230,1,2,0,0,0.0,0.0,4810504.0,100000000.0,True,True
231,0,0,0,[],0.0,0.0,0.0,0.0,False,False
232,4,4,2,2,0.0,95000000.0,0.0,30000000.0,True,True
233,4,8,1,1,0.0,0.0,7000000.0,60000000.0,True,True
234,5,11,3,8,20520053.0,10200000.0,4210527.0,0.0,False,True
235,0,0,0,[],0.0,0.0,0.0,0.0,False,False
236,0,0,0,[],0.0,0.0,0.0,0.0,False,False
237,0,0,0,[],0.0,0.0,0.0,0.0,False,False
238,2,5,1,4,3939706.0,0.0,630907.0,40000000.0,True,True
239,4,6,2,2,0.0,75000000.0,11600000.0,0.0,False,True
240,0,0,0,[],0.0,0.0,0.0,0.0,False,False
241,0,0,0,[],0.0,0.0,0.0,0.0,False,False
242,4,8,1,1,0.0,0.0,12000000.0,250000000.0,True,True
243,0,2,0,0,0.0,0.0,0.0,0.0,False,True
244,1,1,1,1,0.0,0.0,0.0,100000000.0,True,True
245,0,0,0,[],0.0,0.0,0.0,0.0,False,False
246,2,4,2,4,1818182.0,0.0001,1449275.0,0.0,False,True
247,0,0,0,[],0.0,0.0,0.0,0.0,False,False
248,1,1,1,1,0.0,0.0,0.0,25000000.0,True,True
249,7,8,7,8,0.0,75000113.0,262500.0,50000000.0,True,True
250,0,0,0,[],0.0,0.0,0.0,0.0,False,False
251,0,3,0,1,0.0,0.0,0.0,0.0,False,True
252,0,0,0,[],0.0,0.0,0.0,0.0,False,False
253,2,7,2,5,40000000.0,3.07,12000000.0,0.0,False,True
254,0,0,0,[],0.0,0.0,0.0,0.0,False,False
255,0,0,0,[],0.0,0.0,0.0,0.0,False,False
256,0,0,0,[],0.0,0.0,0.0,0.0,False,False
257,0,0,0,[],0.0,0.0,0.0,0.0,False,False
258,0,0,0,[],0.0,0.0,0.0,0.0,False,False
259,1,1,1,1,0.0,0.0,0.0,100000000.0,True,True
260,0,0,0,[],0.0,0.0,0.0,0.0,False,False
261,0,0,0,[],0.0,0.0,0.0,0.0,False,False
262,0,0,0,[],0.0,0.0,0.0,0.0,False,False
263,1,1,1,1,0.0,0.0,0.0,25000000.0,True,True
264,2,3,2,2,0.0,50000000.0,25599979.0,30000000.0,True,True
265,0,0,0,[],0.0,0.0,0.0,0.0,False,False
266,1,2,0,0,0.0,0.0,4810504.0,100000000.0,True,True
267,0,0,0,[],0.0,0.0,0.0,0.0,False,False
268,2,3,1,1,0.0,0.0,9333334.0,25782015.0,True,True
269,0,0,0,[],0.0,0.0,0.0,0.0,False,False
270,0,0,0,[],0.0,0.0,0.0,0.0,False,False
271,0,0,0,[],0.0,0.0,0.0,0.0,False,False
272,4,6,2,2,0.0,75000000.0,11600000.0,0.0,False,True
273,0,0,0,[],0.0,0.0,0.0,0.0,False,False
274,0,0,0,[],0.0,0.0,0.0,0.0,False,False
275,0,0,0,[],0.0,0.0,0.0,0.0,False,False
276,2,3,2,2,0.0,50000000.0,25599979.0,30000000.0,True,True
277,2,3,2,3,0.0,15700000.0,450000.0,4200000.0,True,True
278,3,5,1,2,0.0,0.0,20000000.0,0.0,False,True
279,0,0,0,[],0.0,0.0,0.0,0.0,False,False
280,0,0,0,[],0.0,0.0,0.0,0.0,False,False
281,5,10,3,4,0.0,15000013.0,4290000.0,13000000.0,True,True
282,0,0,0,[],0.0,0.0,0.0,0.0,False,False
283,0,0,0,[],0.0,0.0,0.0,0.0,False,False
284,0,0,0,[],0.0,0.0,0.0,0.0,False,False
285,0,0,0,[],0.0,0.0,0.0,0.0,False,False
286,0,0,0,[],0.0,0.0,0.0,0.0,False,False
287,2,2,2,2,0.0,11500000.0,0.0,5000000.0,True,True
288,0,0,0,[],0.0,0.0,0.0,0.0,False,False
289,0,0,0,[],0.0,0.0,0.0,0.0,False,False
290,0,0,0,[],0.0,0.0,0.0,0.0,False,False
291,2,4,1,2,0.0,0.0,4600000.0,0.0,False,True
292,0,0,0,[],0.0,0.0,0.0,0.0,False,False
293,4,8,1,2,0.0,0.0,7000000.0,60000000.0,True,True
294,0,0,0,[],0.0,0.0,0.0,0.0,False,False
295,2,2,2,2,0.0,11500000.0,0.0,5000000.0,True,True
296,0,0,0,[],0.0,0.0,0.0,0.0,False,False
297,0,0,0,[],0.0,0.0,0.0,0.0,False,False
298,0,0,0,[],0.0,0.0,0.0,0.0,False,False
299,0,0,0,[],0.0,0.0,0.0,0.0,False,False
300,4,8,1,2,0.0,0.0,7000000.0,60000000.0,True,True
301,0,0,0,[],0.0,0.0,0.0,0.0,False,False
302,0,1,0,1,0.0,0.0,0.0,0.0,False,True
303,0,0,0,[],0.0,0.0,0.0,0.0,False,False
304,0,0,0,[],0.0,0.0,0.0,0.0,False,False
305,2,4,0,2,2666667.0,0.0,4571428.0,15000000.0,True,True
306,0,2,0,1,0.0,0.0,1200000.0,0.0,False,True
307,0,0,0,[],0.0,0.0,0.0,0.0,False,False
308,0,0,0,[],0.0,0.0,0.0,0.0,False,False
309,0,0,0,[],0.0,0.0,0.0,0.0,False,False
310,4,4,4,4,0.0,190000000.0,0.0,30000000.0,True,True
311,0,0,0,[],0.0,0.0,0.0,0.0,False,False
312,2,2,1,1,0.0,0.0,0.0,10000000.0,True,True
313,0,0,0,[],0.0,0.0,0.0,0.0,False,False
314,3,4,1,1,0.0,0.0,8860778.0,16900000.0,True,True
315,0,0,0,[],0.0,0.0,0.0,0.0,False,False
316,0,0,0,[],0.0,0.0,0.0,0.0,False,False
317,0,0,0,[],0.0,0.0,0.0,0.0,False,False
318,0,0,0,[],0.0,0.0,0.0,0.0,False,False
319,0,0,0,[],0.0,0.0,0.0,0.0,False,False
320,0,0,0,[],0.0,0.0,0.0,0.0,False,False
321,1,1,1,1,0.0,0.0,0.0,25000000.0,True,True
322,0,2,0,1,0.0,0.0,4000008.0,0.0,False,True
323,0,0,0,[],0.0,0.0,0.0,0.0,False,False
324,0,0,0,[],0.0,0.0,0.0,0.0,False,False
325,0,0,0,[],0.0,0.0,0.0,0.0,False,False
326,0,0,0,[],0.0,0.0,0.0,0.0,False,False
327,0,0,0,[],0.0,0.0,0.0,0.0,False,False
328,0,0,0,[],0.0,0.0,0.0,0.0,False,False
329,2,3,0,0,0.0,0.0,1800000.0,5250000.0,True,True
330,0,2,0,2,8407411.0,0.0,7598426.0,0.0,False,True
331,1,1,1,1,0.0,0.0,0.0,50000000.0,True,True
332,2,3,1,2,0.0,0.0,26982945.0,150000000.0,True,True
333,2,4,2,4,1818182.0,0.0001,1449275.0,0.0,False,True
334,0,0,0,[],0.0,0.0,0.0,0.0,False,False
335,5,11,3,8,20520053.0,10200000.0,4210527.0,0.0,False,True
336,0,0,0,[],0.0,0.0,0.0,0.0,False,False
337,1,1,1,1,0.0,0.0,0.0,50000000.0,True,True
338,1,3,0,0,0.0,0.0,5250000.0,50000000.0,True,True
339,0,2,0,1,0.0,0.0,1200000.0,0.0,False,True
340,0,0,0,[],0.0,0.0,0.0,0.0,False,False
341,0,0,0,[],0.0,0.0,0.0,0.0,False,False
342,0,0,0,[],0.0,0.0,0.0,0.0,False,False
343,4,4,4,4,0.0,190000000.0,0.0,30000000.0,True,True
344,0,0,0,[],0.0,0.0,0.0,0.0,False,False
345,2,3,1,1,0.0,0.0,9333334.0,25782015.0,True,True
346,0,0,0,[],0.0,0.0,0.0,0.0,False,False
347,0,0,0,[],0.0,0.0,0.0,0.0,False,False
348,0,0,0,[],0.0,0.0,0.0,0.0,False,False
349,0,0,0,[],0.0,0.0,0.0,0.0,False,False
350,0,0,0,[],0.0,0.0,0.0,0.0,False,False
351,0,0,0,[],0.0,0.0,0.0,0.0,False,False
352,4,4,4,4,0.0,190000000.0,0.0,30000000.0,True,True
353,0,0,0,[],0.0,0.0,0.0,0.0,False,False
354,0,0,0,[],0.0,0.0,0.0,0.0,False,False
355,0,0,0,[],0.0,0.0,0.0,0.0,False,False
356,0,0,0,[],0.0,0.0,0.0,0.0,False,False
357,0,0,0,[],0.0,0.0,0.0,0.0,False,False
358,0,0,0,[],0.0,0.0,0.0,0.0,False,False
359,2,4,2,4,1818182.0,0.0001,1449275.0,0.0,False,True
360,0,0,0,[],0.0,0.0,0.0,0.0,False,False
361,1,3,1,2,0.0,0.0,0.0,0.0,False,True
362,2,3,0,0,0.0,0.0,1800000.0,5250000.0,True,True
363,0,2,0,1,0.0,0.0,1200000.0,0.0,False,True
364,0,0,0,[],0.0,0.0,0.0,0.0,False,False
365,0,0,0,[],0.0,0.0,0.0,0.0,False,False
366,0,0,0,[],0.0,0.0,0.0,0.0,False,False
367,0,0,0,[],0.0,0.0,0.0,0.0,False,False
368,0,1,0,1,0.0,0.0,0.0,0.0,False,True
369,0,0,0,[],0.0,0.0,0.0,0.0,False,False
370,1,8,1,7,52680830.0,0.0,19932463.0,50000000.0,True,True
371,0,0,0,[],0.0,0.0,0.0,0.0,False,False
372,0,0,0,[],0.0,0.0,0.0,0.0,False,False
373,0,1,0,1,0.0,0.0,0.0,0.0,False,True
374,0,0,0,[],0.0,0.0,0.0,0.0,False,False
375,0,0,0,[],0.0,0.0,0.0,0.0,False,False
376,0,0,0,[],0.0,0.0,0.0,0.0,False,False
377,0,1,0,0,0.0,0.0,20534898.0,0.0,False,True
378,0,2,0,1,0.0,0.0,1200000.0,0.0,False,True
379,0,0,0,[],0.0,0.0,0.0,0.0,False,False
380,0,0,0,[],0.0,0.0,0.0,0.0,False,False
381,0,1,0,0,0.0,0.0,20534898.0,0.0,False,True
382,0,0,0,[],0.0,0.0,0.0,0.0,False,False
383,0,0,0,[],0.0,0.0,0.0,0.0,False,False
384,0,0,0,[],0.0,0.0,0.0,0.0,False,False
385,4,8,1,2,0.0,0.0,7000000.0,60000000.0,True,True
386,0,0,0,[],0.0,0.0,0.0,0.0,False,False
387,0,0,0,[],0.0,0.0,0.0,0.0,False,False
388,0,0,0,[],0.0,0.0,0.0,0.0,False,False
389,0,0,0,[],0.0,0.0,0.0,0.0,False,False
390,0,0,0,[],0.0,0.0,0.0,0.0,False,False
391,0,0,0,[],0.0,0.0,0.0,0.0,False,False
392,3,5,3,5,4000.0,50000003.13,9000000.0,0.0,False,True
393,2,3,2,3,0.0,7495000.0,1885378.0,1250000.0,True,True
394,0,0,0,[],0.0,0.0,0.0,0.0,False,False
395,0,0,0,[],0.0,0.0,0.0,0.0,False,False
396,0,0,0,[],0.0,0.0,0.0,0.0,False,False
397,0,0,0,[],0.0,0.0,0.0,0.0,False,False
398,0,0,0,[],0.0,0.0,0.0,0.0,False,False
399,0,0,0,[],0.0,0.0,0.0,0.0,False,False
400,0,0,0,[],0.0,0.0,0.0,0.0,False,False
401,0,0,0,[],0.0,0.0,0.0,0.0,False,False
402,0,0,0,[],0.0,0.0,0.0,0.0,False,False
403,2,3,2,3,0.0,7495000.0,1885378.0,1250000.0,True,True
404,1,2,0,0,0.0,0.0,20000000.0,0.0,False,True
405,0,0,0,[],0.0,0.0,0.0,0.0,False,False
406,0,0,0,[],0.0,0.0,0.0,0.0,False,False
407,0,0,0,[],0.0,0.0,0.0,0.0,False,False
408,0,0,0,[],0.0,0.0,0.0,0.0,False,False
409,0,0,0,[],0.0,0.0,0.0,0.0,False,False
410,0,0,0,[],0.0,0.0,0.0,0.0,False,False
411,0,0,0,[],0.0,0.0,0.0,0.0,False,False
412,0,0,0,[],0.0,0.0,0.0,0.0,False,False
413,0,0,0,[],0.0,0.0,0.0,0.0,False,False
414,0,0,0,[],0.0,0.0,0.0,0.0,False,False
415,0,4,0,2,28388880.0,0.0,10937388.0,0.0,False,True
416,1,1,1,1,0.0,0.0,0.0,25000000.0,True,True
417,2,5,0,0,0.0,0.0,465069.0,0.0,False,True
418,0,1,0,1,0.0,0.0,0.0,0.0,False,True
419,0,0,0,[],0.0,0.0,0.0,0.0,False,False
420,0,0,0,[],0.0,0.0,0.0,0.0,False,False
421,1,2,0,1,0.0,0.0,0.0,7000000.0,True,True
422,3,3,3,3,0.0,18250007.8,0.0,0.0,False,True
423,2,3,0,0,0.0,0.0,1800000.0,5250000.0,True,True
424,0,1,0,0,0.0,0.0,1857143.0,0.0,False,True
425,0,0,0,[],0.0,0.0,0.0,0.0,False,False
426,4,10,2,7,20520053.0,200000.0,4210527.0,0.0,False,True
427,3,4,1,1,0.0,0.0,8860778.0,16900000.0,True,True
428,0,0,0,[],0.0,0.0,0.0,0.0,False,False
429,0,0,0,[],0.0,0.0,0.0,0.0,False,False
430,0,0,0,[],0.0,0.0,0.0,0.0,False,False
431,0,0,0,[],0.0,0.0,0.0,0.0,False,False
432,4,4,4,4,0.0,190000000.0,0.0,30000000.0,True,True
433,0,0,0,[],0.0,0.0,0.0,0.0,False,False
434,0,0,0,[],0.0,0.0,0.0,0.0,False,False
435,0,1,0,1,0.0,0.0,0.0,0.0,False,True
436,0,0,0,[],0.0,0.0,0.0,0.0,False,False
437,0,0,0,[],0.0,0.0,0.0,0.0,False,False
438,1,7,1,6,45066130.0,0.0,19932463.0,50000000.0,True,True
439,0,0,0,[],0.0,0.0,0.0,0.0,False,False
440,2,3,2,3,0.0,15000000.0,1000002.0,4400000.0,True,True
441,1,7,1,6,45066130.0,0.0,19932463.0,50000000.0,True,True
442,0,0,0,[],0.0,0.0,0.0,0.0,False,False
443,0,0,0,[],0.0,0.0,0.0,0.0,False,False
444,0,0,0,[],0.0,0.0,0.0,0.0,False,False
445,3,3,3,3,0.0,30000000.01,0.0,30000000.0,True,True
446,0,0,0,[],0.0,0.0,0.0,0.0,False,False
447,0,0,0,[],0.0,0.0,0.0,0.0,False,False
448,2,2,2,2,0.0,15700000.0,0.0,4200000.0,True,True
449,0,0,0,[],0.0,0.0,0.0,0.0,False,False
450,0,0,0,[],0.0,0.0,0.0,0.0,False,False
451,0,0,0,[],0.0,0.0,0.0,0.0,False,False
452,0,0,0,[],0.0,0.0,0.0,0.0,False,False
453,0,0,0,[],0.0,0.0,0.0,0.0,False,False
454,0,0,0,[],0.0,0.0,0.0,0.0,False,False
455,0,0,0,[],0.0,0.0,0.0,0.0,False,False
456,0,6,0,5,11112110.0,0.0,6666667.0,0.0,False,True
457,0,0,0,[],0.0,0.0,0.0,0.0,False,False
458,0,0,0,[],0.0,0.0,0.0,0.0,False,False
459,0,0,0,[],0.0,0.0,0.0,0.0,False,False
460,0,0,0,[],0.0,0.0,0.0,0.0,False,False
461,4,4,4,4,0.0,190000000.0,0.0,30000000.0,True,True
462,0,0,0,[],0.0,0.0,0.0,0.0,False,False
463,1,7,1,6,45066130.0,0.0,19932463.0,50000000.0,True,True
464,0,0,0,[],0.0,0.0,0.0,0.0,False,False
465,1,3,0,0,0.0,0.0,5250000.0,50000000.0,True,True
466,0,0,0,[],0.0,0.0,0.0,0.0,False,False
467,1,7,1,6,45066130.0,0.0,19932463.0,50000000.0,True,True
468,0,0,0,[],0.0,0.0,0.0,0.0,False,False
469,0,0,0,[],0.0,0.0,0.0,0.0,False,False
470,2,2,2,2,0.0,15700000.0,0.0,4200000.0,True,True
471,3,4,1,1,0.0,0.0,8860778.0,16900000.0,True,True
472,0,0,0,[],0.0,0.0,0.0,0.0,False,False
473,0,0,0,[],0.0,0.0,0.0,0.0,False,False
474,0,0,0,[],0.0,0.0,0.0,0.0,False,False
475,0,0,0,[],0.0,0.0,0.0,0.0,False,False
476,0,0,0,[],0.0,0.0,0.0,0.0,False,False
477,0,0,0,[],0.0,0.0,0.0,0.0,False,False
478,0,0,0,[],0.0,0.0,0.0,0.0,False,False
479,0,0,0,[],0.0,0.0,0.0,0.0,False,False
480,3,5,1,2,0.0,0.0,20000000.0,0.0,False,True
481,0,0,0,[],0.0,0.0,0.0,0.0,False,False
482,3,5,0,0,0.0,0.0,2500000.0,50000000.0,True,True
483,2,3,0,1,0.0,0.0,4571428.0,15000000.0,True,True
484,0,0,0,[],0.0,0.0,0.0,0.0,False,False
485,0,5,0,3,1306615.0,0.0,1000000.0,0.0,False,True
486,0,1,0,1,0.0,0.0,0.0,0.0,False,True
487,0,3,0,1,0.0,0.0,0.0,0.0,False,True
488,0,0,0,[],0.0,0.0,0.0,0.0,False,False
489,0,0,0,[],0.0,0.0,0.0,0.0,False,False
490,0,0,0,[],0.0,0.0,0.0,0.0,False,False
491,0,3,0,1,0.0,0.0,0.0,0.0,False,True
492,0,4,0,3,11111444.0,0.0,6666667.0,0.0,False,True
493,3,4,1,1,0.0,0.0,8860778.0,16900000.0,True,True
494,1,7,1,6,45066130.0,0.0,19932463.0,50000000.0,True,True
495,0,1,0,1,0.0,0.0,0.0,0.0,False,True
496,0,1,0,1,0.0,0.0,0.0,0.0,False,True
497,2,3,0,0,0.0,0.0,1800000.0,5250000.0,True,True
498,0,0,0,[],0.0,0.0,0.0,0.0,False,False
499,1,3,0,0,0.0,0.0,5250000.0,50000000.0,True,True
500,0,0,0,[],0.0,0.0,0.0,0.0,False,False
501,1,2,1,2,0.0,0.0,1449275.0,0.0,False,True
502,0,2,0,1,0.0,0.0,1200000.0,0.0,False,True
503,0,0,0,[],0.0,0.0,0.0,0.0,False,False
504,0,0,0,[],0.0,0.0,0.0,0.0,False,False
505,1,2,1,2,0.0,0.0,1449275.0,0.0,False,True
506,3,5,1,2,0.0,0.0,2370435.0,25000000.0,True,True
507,3,4,1,1,0.0,0.0,8860778.0,16900000.0,True,True
508,0,0,0,[],0.0,0.0,0.0,0.0,False,False
509,3,7,0,1,0.0,0.0,9000000.0,80000000.0,True,True
510,0,0,0,[],0.0,0.0,0.0,0.0,False,False
511,3,7,0,0,0.0,0.0,10000000.0,25000000.0,True,True
512,0,3,0,1,0.0,0.0,0.0,0.0,False,True
513,1,2,1,1,0.0,0.0,4810504.0,100000000.0,True,True
514,0,0,0,[],0.0,0.0,0.0,0.0,False,False
515,0,5,0,1,0.0,0.0,0.0,0.0,False,True
516,3,7,0,1,0.0,0.0,9000000.0,80000000.0,True,True
517,0,0,0,[],0.0,0.0,0.0,0.0,False,False
518,4,5,4,5,0.0,70.0,262500.0,50000000.0,True,True
519,1,2,0,1,0.0,0.0,0.0,7000000.0,True,True
520,0,0,0,[],0.0,0.0,0.0,0.0,False,False
521,0,0,0,[],0.0,0.0,0.0,0.0,False,False
522,3,5,3,5,4000.0,50000003.13,9000000.0,0.0,False,True
523,0,0,0,[],0.0,0.0,0.0,0.0,False,False
524,4,8,1,2,0.0,0.0,7000000.0,60000000.0,True,True
525,0,0,0,[],0.0,0.0,0.0,0.0,False,False
526,2,3,0,0,0.0,0.0,1800000.0,5250000.0,True,True
527,0,0,0,[],0.0,0.0,0.0,0.0,False,False
528,0,0,0,[],0.0,0.0,0.0,0.0,False,False
529,0,0,0,[],0.0,0.0,0.0,0.0,False,False
530,0,0,0,[],0.0,0.0,0.0,0.0,False,False
531,0,2,0,1,0.0,0.0,1200000.0,0.0,False,True
532,4,6,1,1,0.0,0.0,7272727.0,40000000.0,True,True
533,0,0,0,[],0.0,0.0,0.0,0.0,False,False
534,0,0,0,[],0.0,0.0,0.0,0.0,False,False
535,1,1,0,0,0.0,0.0,0.0,10000000.0,True,True
536,0,0,0,[],0.0,0.0,0.0,0.0,False,False
537,4,7,3,3,0.0,2.82,3720500.0,4100000.0,True,True
538,1,1,0,0,0.0,0.0,0.0,10000000.0,True,True
539,0,0,0,[],0.0,0.0,0.0,0.0,False,False
540,0,0,0,[],0.0,0.0,0.0,0.0,False,False
541,2,2,2,2,0.0,11500000.0,0.0,5000000.0,True,True
542,3,6,0,0,0.0,0.0,9000000.0,80000000.0,True,True
543,1,2,1,2,0.0,0.0,1000002.0,4400000.0,True,True
544,2,3,0,0,0.0,0.0,8860778.0,16900000.0,True,True
545,0,0,0,[],0.0,0.0,0.0,0.0,False,False
546,0,0,0,[],0.0,0.0,0.0,0.0,False,False
547,0,0,0,[],0.0,0.0,0.0,0.0,False,False
548,1,2,1,2,0.0,0.0,630907.0,40000000.0,True,True
549,0,0,0,[],0.0,0.0,0.0,0.0,False,False
550,2,2,2,2,0.0,15700000.0,0.0,4200000.0,True,True
551,0,0,0,[],0.0,0.0,0.0,0.0,False,False
552,0,0,0,[],0.0,0.0,0.0,0.0,False,False
553,0,0,0,[],0.0,0.0,0.0,0.0,False,False
554,0,2,0,1,0.0,0.0,1200000.0,0.0,False,True
555,0,0,0,[],0.0,0.0,0.0,0.0,False,False
556,4,9,2,4,7500000.0,13.0,4290000.0,13000000.0,True,True
557,0,0,0,[],0.0,0.0,0.0,0.0,False,False
558,0,0,0,[],0.0,0.0,0.0,0.0,False,False
559,0,0,0,[],0.0,0.0,0.0,0.0,False,False
560,2,2,2,2,0.0,15700000.0,0.0,4200000.0,True,True
561,0,0,0,[],0.0,0.0,0.0,0.0,False,False
562,1,2,1,2,0.0,0.0,1000002.0,4400000.0,True,True
563,0,0,0,[],0.0,0.0,0.0,0.0,False,False
564,2,3,0,0,0.0,0.0,2370435.0,25000000.0,True,True
565,0,0,0,[],0.0,0.0,0.0,0.0,False,False
566,2,3,0,0,0.0,0.0,2370435.0,25000000.0,True,True
567,4,9,2,4,7500000.0,13.0,4290000.0,13000000.0,True,True
568,0,0,0,[],0.0,0.0,0.0,0.0,False,False
569,0,2,0,1,0.0,0.0,24700000.0,0.0,False,True
570,0,0,0,[],0.0,0.0,0.0,0.0,False,False
571,0,0,0,[],0.0,0.0,0.0,0.0,False,False
572,0,0,0,[],0.0,0.0,0.0,0.0,False,False
573,3,6,0,0,0.0,0.0,9000000.0,80000000.0,True,True
574,0,0,0,[],0.0,0.0,0.0,0.0,False,False
575,0,0,0,[],0.0,0.0,0.0,0.0,False,False
576,2,3,1,1,0.0,0.0,1800000.0,5250000.0,True,True
577,4,9,2,4,7500000.0,13.0,4290000.0,13000000.0,True,True
578,3,6,0,0,0.0,0.0,9000000.0,80000000.0,True,True
579,4,9,2,4,7500000.0,13.0,4290000.0,13000000.0,True,True
580,3,6,0,0,0.0,0.0,9000000.0,80000000.0,True,True
581,0,0,0,[],0.0,0.0,0.0,0.0,False,False
582,0,0,0,[],0.0,0.0,0.0,0.0,False,False
583,0,0,0,[],0.0,0.0,0.0,0.0,False,False
584,1,1,1,1,0.0,0.0,0.0,25000000.0,True,True
585,1,2,0,1,0.0,0.0,0.0,7000000.0,True,True
586,0,0,0,[],0.0,0.0,0.0,0.0,False,False
587,1,3,1,2,0.0,0.0,0.0,0.0,False,True
588,0,0,0,[],0.0,0.0,0.0,0.0,False,False
589,0,0,0,[],0.0,0.0,0.0,0.0,False,False
590,0,0,0,[],0.0,0.0,0.0,0.0,False,False
591,2,3,0,0,0.0,0.0,2370435.0,25000000.0,True,True
592,0,2,0,1,0.0,0.0,1200000.0,0.0,False,True
593,0,2,0,2,500000.0,0.0,1200000.0,0.0,False,True
594,1,2,1,2,0.0,0.0,1000002.0,4400000.0,True,True
595,0,0,0,[],0.0,0.0,0.0,0.0,False,False
596,1,2,1,2,0.0,0.0,1000002.0,4400000.0,True,True
597,0,4,0,0,0.0,0.0,0.0,0.0,False,True
598,0,0,0,[],0.0,0.0,0.0,0.0,False,False
599,0,0,0,[],0.0,0.0,0.0,0.0,False,False
600,0,0,0,[],0.0,0.0,0.0,0.0,False,False
601,0,2,0,1,0.0,0.0,1200000.0,0.0,False,True
602,0,0,0,[],0.0,0.0,0.0,0.0,False,False
603,0,0,0,[],0.0,0.0,0.0,0.0,False,False
604,0,0,0,[],0.0,0.0,0.0,0.0,False,False
605,1,2,0,1,0.0,0.0,0.0,7000000.0,True,True
606,0,0,0,[],0.0,0.0,0.0,0.0,False,False
607,0,0,0,[],0.0,0.0,0.0,0.0,False,False
608,0,0,0,[],0.0,0.0,0.0,0.0,False,False
609,1,1,1,1,0.0,0.0,0.0,4400000.0,True,True
610,0,0,0,[],0.0,0.0,0.0,0.0,False,False
611,0,0,0,[],0.0,0.0,0.0,0.0,False,False
612,0,2,0,1,0.0,0.0,24700000.0,0.0,False,True
613,0,0,0,[],0.0,0.0,0.0,0.0,False,False
614,0,0,0,[],0.0,0.0,0.0,0.0,False,False
615,0,0,0,[],0.0,0.0,0.0,0.0,False,False
616,0,0,0,[],0.0,0.0,0.0,0.0,False,False
617,0,0,0,[],0.0,0.0,0.0,0.0,False,False
618,3,7,2,5,27795580.0,75000000.0,8368200.0,0.0,False,True
619,0,0,0,[],0.0,0.0,0.0,0.0,False,False
620,0,4,0,0,0.0,0.0,0.0,0.0,False,True
621,0,0,0,[],0.0,0.0,0.0,0.0,False,False
622,2,3,0,0,0.0,0.0,2370435.0,25000000.0,True,True
623,0,0,0,[],0.0,0.0,0.0,0.0,False,False
624,0,0,0,[],0.0,0.0,0.0,0.0,False,False
625,1,1,0,0,0.0,0.0,0.0,7000000.0,True,True
626,0,0,0,[],0.0,0.0,0.0,0.0,False,False
627,2,2,2,2,0.0,15700000.0,0.0,4200000.0,True,True
628,0,0,0,[],0.0,0.0,0.0,0.0,False,False
629,0,2,0,2,4000000.0,0.0,1200000.0,0.0,False,True
630,0,0,0,[],0.0,0.0,0.0,0.0,False,False
631,1,1,0,0,0.0,0.0,0.0,7000000.0,True,True
632,0,0,0,[],0.0,0.0,0.0,0.0,False,False
633,0,2,0,1,0.0,0.0,24700000.0,0.0,False,True
634,0,0,0,[],0.0,0.0,0.0,0.0,False,False
635,1,1,1,1,0.0,0.0,0.0,4200000.0,True,True
636,0,0,0,[],0.0,0.0,0.0,0.0,False,False
637,0,0,0,[],0.0,0.0,0.0,0.0,False,False
638,0,0,0,[],0.0,0.0,0.0,0.0,False,False
639,0,0,0,[],0.0,0.0,0.0,0.0,False,False
640,0,0,0,[],0.0,0.0,0.0,0.0,False,False
641,3,6,1,3,1428571.0,0.0,9000000.0,80000000.0,True,True
642,0,0,0,[],0.0,0.0,0.0,0.0,False,False
643,2,3,0,0,0.0,0.0,2370435.0,25000000.0,True,True
644,1,1,1,1,0.0,0.0,0.0,4200000.0,True,True
645,0,0,0,[],0.0,0.0,0.0,0.0,False,False
646,4,9,2,6,15483015.0,200000.0,4210527.0,0.0,False,True
647,0,0,0,[],0.0,0.0,0.0,0.0,False,False
648,0,0,0,[],0.0,0.0,0.0,0.0,False,False
649,4,9,2,6,15483015.0,200000.0,4210527.0,0.0,False,True
650,0,0,0,[],0.0,0.0,0.0,0.0,False,False
651,0,0,0,[],0.0,0.0,0.0,0.0,False,False
652,1,2,1,2,0.0,0.0,4810504.0,100000000.0,True,True
653,4,9,2,6,15483015.0,200000.0,4210527.0,0.0,False,True
654,3,6,3,6,12327188.0,15000000.0001,5000000.0,0.0,False,True
655,2,3,1,1,0.0,0.0,1800000.0,5250000.0,True,True
656,0,0,0,[],0.0,0.0,0.0,0.0,False,False
657,4,9,2,6,15483015.0,200000.0,4210527.0,0.0,False,True
658,0,0,0,[],0.0,0.0,0.0,0.0,False,False
659,0,0,0,[],0.0,0.0,0.0,0.0,False,False
660,0,0,0,[],0.0,0.0,0.0,0.0,False,False
661,1,1,1,1,0.0,0.0,0.0,4200000.0,True,True
662,0,1,0,1,0.0,0.0,1200000.0,0.0,False,True
663,0,0,0,[],0.0,0.0,0.0,0.0,False,False
664,1,2,0,0,0.0,0.0,725000.0,0.0,False,True
665,4,8,2,5,7021475.0,200000.0,4210527.0,0.0,False,True
666,1,1,1,1,0.0,0.0,0.0,4200000.0,True,True
667,0,0,0,[],0.0,0.0,0.0,0.0,False,False
668,1,4,1,2,0.0,0.0,1500000.0,50000000.0,True,True
669,0,1,0,1,0.0,0.0,1200000.0,0.0,False,True
670,1,1,1,1,0.0,0.0,0.0,4200000.0,True,True
671,0,0,0,[],0.0,0.0,0.0,0.0,False,False
672,1,2,1,2,0.0,0.0,1885378.0,1250000.0,True,True
673,4,8,2,5,7021475.0,200000.0,4210527.0,0.0,False,True
674,0,0,0,[],0.0,0.0,0.0,0.0,False,False
675,3,5,1,2,0.0,0.0,2500000.0,50000000.0,True,True
676,0,0,0,[],0.0,0.0,0.0,0.0,False,False
677,0,4,0,0,0.0,0.0,0.0,0.0,False,True
678,0,0,0,[],0.0,0.0,0.0,0.0,False,False
679,0,0,0,[],0.0,0.0,0.0,0.0,False,False
680,0,0,0,[],0.0,0.0,0.0,0.0,False,False
681,0,0,0,[],0.0,0.0,0.0,0.0,False,False
682,0,0,0,[],0.0,0.0,0.0,0.0,False,False
683,0,0,0,[],0.0,0.0,0.0,0.0,False,False
684,0,0,0,[],0.0,0.0,0.0,0.0,False,False
685,2,4,1,1,0.0,0.0,7000000.0,50000000.0,True,True
686,3,4,1,1,0.0,0.0,20000000.0,0.0,False,True
687,0,0,0,[],0.0,0.0,0.0,0.0,False,False
688,0,1,0,1,0.0,0.0,1200000.0,0.0,False,True
689,0,0,0,[],0.0,0.0,0.0,0.0,False,False
690,1,2,1,2,0.0,0.0,4810504.0,100000000.0,True,True
691,2,4,1,1,0.0,0.0,7000000.0,50000000.0,True,True
692,0,0,0,[],0.0,0.0,0.0,0.0,False,False
693,0,0,0,[],0.0,0.0,0.0,0.0,False,False
694,0,0,0,[],0.0,0.0,0.0,0.0,False,False
695,0,0,0,[],0.0,0.0,0.0,0.0,False,False
696,0,0,0,[],0.0,0.0,0.0,0.0,False,False
697,1,2,1,2,0.0,0.0,1885378.0,1250000.0,True,True
698,0,0,0,[],0.0,0.0,0.0,0.0,False,False
699,0,0,0,[],0.0,0.0,0.0,0.0,False,False
700,0,0,0,[],0.0,0.0,0.0,0.0,False,False
701,0,0,0,[],0.0,0.0,0.0,0.0,False,False
702,0,0,0,[],0.0,0.0,0.0,0.0,False,False
703,1,2,1,2,0.0,0.0,1885378.0,1250000.0,True,True
704,0,0,0,[],0.0,0.0,0.0,0.0,False,False
705,0,0,0,[],0.0,0.0,0.0,0.0,False,False
706,0,0,0,[],0.0,0.0,0.0,0.0,False,False
707,1,1,1,1,0.0,0.0,0.0,10000000.0,True,True
708,1,2,1,2,0.0,0.0,1885378.0,1250000.0,True,True
709,2,2,2,2,0.0,20000000.0,0.0,20000000.0,True,True
710,0,0,0,[],0.0,0.0,0.0,0.0,False,False
711,0,0,0,[],0.0,0.0,0.0,0.0,False,False
712,0,0,0,[],0.0,0.0,0.0,0.0,False,False
713,0,0,0,[],0.0,0.0,0.0,0.0,False,False
714,2,5,1,3,333.0,0.0,3720500.0,4100000.0,True,True
715,0,0,0,[],0.0,0.0,0.0,0.0,False,False
716,0,0,0,[],0.0,0.0,0.0,0.0,False,False
717,4,8,2,4,8000000.0,30000000.0,12000000.0,250000000.0,True,True
718,0,0,0,[],0.0,0.0,0.0,0.0,False,False
719,0,0,0,[],0.0,0.0,0.0,0.0,False,False
720,2,3,0,0,0.0,0.0,8860778.0,16900000.0,True,True
721,0,0,0,[],0.0,0.0,0.0,0.0,False,False
722,4,8,2,4,571429.0,13596653.0,3734914.0,0.0,False,True
723,0,0,0,[],0.0,0.0,0.0,0.0,False,False
724,0,0,0,[],0.0,0.0,0.0,0.0,False,False
725,0,2,0,2,333.0,0.0,0.0,0.0,False,True
726,2,3,0,0,0.0,0.0,8860778.0,16900000.0,True,True
727,1,2,0,0,0.0,0.0,4250000.0,0.0,False,True
728,0,0,0,[],0.0,0.0,0.0,0.0,False,False
729,2,3,0,0,0.0,0.0,8860778.0,16900000.0,True,True
730,0,0,0,[],0.0,0.0,0.0,0.0,False,False
731,2,3,2,3,0.0,25.0,262500.0,50000000.0,True,True
732,0,0,0,[],0.0,0.0,0.0,0.0,False,False
733,0,0,0,[],0.0,0.0,0.0,0.0,False,False
734,1,2,0,0,0.0,0.0,2941176.0,0.0,False,True
735,1,2,1,2,0.0,0.0,20000000.0,0.0,False,True
736,0,1,0,1,0.0,0.0,12903224.0,0.0,False,True
737,0,0,0,[],0.0,0.0,0.0,0.0,False,False
738,0,0,0,[],0.0,0.0,0.0,0.0,False,False
739,0,0,0,[],0.0,0.0,0.0,0.0,False,False
740,0,0,0,[],0.0,0.0,0.0,0.0,False,False
741,1,3,1,3,12000000.0,0.0,12000000.0,0.0,False,True
742,0,0,0,[],0.0,0.0,0.0,0.0,False,False
743,1,1,0,0,0.0,0.0,0.0,150000000.0,True,True
744,2,3,0,0,0.0,0.0,8860778.0,16900000.0,True,True
745,0,0,0,[],0.0,0.0,0.0,0.0,False,False
746,0,0,0,[],0.0,0.0,0.0,0.0,False,False
747,1,3,1,1,0.0,0.0,5250000.0,50000000.0,True,True
748,2,3,1,1,0.0,0.0,2892000.0,25000000.0,True,True
749,0,2,0,2,11111111.0,0.0,6666667.0,0.0,False,True
750,0,0,0,[],0.0,0.0,0.0,0.0,False,False
751,3,11,2,7,2174372.0,25000000.0,5441176.0,25000000.0,True,True
752,0,0,0,[],0.0,0.0,0.0,0.0,False,False
753,0,0,0,[],0.0,0.0,0.0,0.0,False,False
754,0,1,0,1,0.0,0.0,1200000.0,0.0,False,True
755,3,10,2,6,1366292.0,25000000.0,5441176.0,25000000.0,True,True
756,1,1,1,1,0.0,0.0,0.0,20250000.0,True,True
757,2,3,1,1,0.0,0.0,2892000.0,25000000.0,True,True
758,0,0,0,[],0.0,0.0,0.0,0.0,False,False
759,0,0,0,[],0.0,0.0,0.0,0.0,False,False
760,0,0,0,[],0.0,0.0,0.0,0.0,False,False
761,0,0,0,[],0.0,0.0,0.0,0.0,False,False
762,0,0,0,[],0.0,0.0,0.0,0.0,False,False
763,0,0,0,[],0.0,0.0,0.0,0.0,False,False
764,0,0,0,[],0.0,0.0,0.0,0.0,False,False
765,0,0,0,[],0.0,0.0,0.0,0.0,False,False
766,0,0,0,[],0.0,0.0,0.0,0.0,False,False
767,0,0,0,[],0.0,0.0,0.0,0.0,False,False
768,0,0,0,[],0.0,0.0,0.0,0.0,False,False
769,0,0,0,[],0.0,0.0,0.0,0.0,False,False
770,0,2,0,2,12000000.0,0.0,12000000.0,0.0,False,True
771,0,0,0,[],0.0,0.0,0.0,0.0,False,False
772,0,0,0,[],0.0,0.0,0.0,0.0,False,False
773,0,0,0,[],0.0,0.0,0.0,0.0,False,False
774,0,0,0,[],0.0,0.0,0.0,0.0,False,False
775,0,0,0,[],0.0,0.0,0.0,0.0,False,False
776,0,0,0,[],0.0,0.0,0.0,0.0,False,False
777,0,3,0,0,0.0,0.0,7000000.0,0.0,False,True
778,0,0,0,[],0.0,0.0,0.0,0.0,False,False
779,0,2,0,2,12000000.0,0.0,12000000.0,0.0,False,True
780,0,0,0,[],0.0,0.0,0.0,0.0,False,False
781,1,1,0,0,0.0,0.0,0.0,150000000.0,True,True
782,0,0,0,[],0.0,0.0,0.0,0.0,False,False
783,0,0,0,[],0.0,0.0,0.0,0.0,False,False
784,4,7,1,2,0.0,0.0,4000000.0,75000000.0,True,True
785,0,0,0,[],0.0,0.0,0.0,0.0,False,False
786,2,2,2,2,0.0,30000000.0,0.0,30000000.0,True,True
787,2,3,0,0,0.0,0.0,8860778.0,16900000.0,True,True
788,0,0,0,[],0.0,0.0,0.0,0.0,False,False
789,0,0,0,[],0.0,0.0,0.0,0.0,False,False
790,1,3,1,1,0.0,0.0,0.0,35000000.0,True,True
791,1,1,0,0,0.0,0.0,0.0,150000000.0,True,True
792,0,3,0,1,0.0,0.0,2855014.0,0.0,False,True
793,1,1,1,1,0.0,0.0,0.0,50000000.0,True,True
794,2,3,1,2,0.0,0.0,6875000.0,0.0,False,True
795,0,0,0,[],0.0,0.0,0.0,0.0,False,False
796,0,0,0,[],0.0,0.0,0.0,0.0,False,False
797,0,0,0,[],0.0,0.0,0.0,0.0,False,False
798,0,0,0,[],0.0,0.0,0.0,0.0,False,False
799,0,3,0,1,0.0,0.0,2855014.0,0.0,False,True
800,0,0,0,[],0.0,0.0,0.0,0.0,False,False
801,0,3,0,1,0.0,0.0,2855014.0,0.0,False,True
802,0,3,0,1,0.0,0.0,2855014.0,0.0,False,True
803,2,3,0,0,0.0,0.0,3000000.0,50000000.0,True,True
804,1,1,1,1,0.0,0.0,0.0,10000000.0,True,True
805,4,8,3,5,571429.0,13596653.000999998,3734914.0,0.0,False,True
806,1,3,1,1,0.0,0.0,0.0,35000000.0,True,True
807,0,7,0,3,9179101.0,0.0,1700000.0,0.0,False,True
808,0,0,0,[],0.0,0.0,0.0,0.0,False,False
809,1,1,1,1,0.0,0.0,0.0,150000000.0,True,True
810,1,3,1,3,13008000.0,0.0,25405000.0,25000000.0,True,True
811,0,0,0,[],0.0,0.0,0.0,0.0,False,False
812,0,2,0,2,12000000.0,0.0,12000000.0,0.0,False,True
813,0,0,0,[],0.0,0.0,0.0,0.0,False,False
814,0,0,0,[],0.0,0.0,0.0,0.0,False,False
815,0,0,0,[],0.0,0.0,0.0,0.0,False,False
816,2,6,1,3,9375000.0,0.0,4290000.0,13000000.0,True,True
817,0,0,0,[],0.0,0.0,0.0,0.0,False,False
818,3,10,2,7,9958600.0,25000000.0,5441176.0,25000000.0,True,True
819,0,0,0,[],0.0,0.0,0.0,0.0,False,False
820,0,0,0,[],0.0,0.0,0.0,0.0,False,False
821,0,0,0,[],0.0,0.0,0.0,0.0,False,False
822,0,0,0,[],0.0,0.0,0.0,0.0,False,False
823,2,6,1,3,9375000.0,0.0,4290000.0,13000000.0,True,True
824,0,0,0,[],0.0,0.0,0.0,0.0,False,False
825,1,1,1,1,0.0,0.0,0.0,8600000.0,True,True
826,0,1,0,1,0.0,0.0,19932463.0,0.0,False,True
827,3,7,1,3,8000000.0,0.0,12000000.0,250000000.0,True,True
828,1,1,1,1,0.0,0.0,0.0,10000000.0,True,True
829,0,1,0,1,0.0,0.0,19932463.0,0.0,False,True
830,0,0,0,[],0.0,0.0,0.0,0.0,False,False
831,2,6,2,6,14441528.0,2000000.0,1000000.0,2000000.0,True,True
832,0,0,0,[],0.0,0.0,0.0,0.0,False,False
833,1,1,1,1,0.0,0.0,0.0,8600000.0,True,True
834,1,2,1,2,0.0,0.0,4810504.0,100000000.0,True,True
835,2,6,2,6,14441528.0,2000000.0,1000000.0,2000000.0,True,True
836,0,0,0,[],0.0,0.0,0.0,0.0,False,False
837,1,3,1,3,5250000.0,0.0,5250000.0,50000000.0,True,True
838,1,2,1,2,0.0,0.0,4810504.0,100000000.0,True,True
839,0,0,0,[],0.0,0.0,0.0,0.0,False,False
840,0,0,0,[],0.0,0.0,0.0,0.0,False,False
841,0,0,0,[],0.0,0.0,0.0,0.0,False,False
842,0,0,0,[],0.0,0.0,0.0,0.0,False,False
843,0,0,0,[],0.0,0.0,0.0,0.0,False,False
844,0,0,0,[],0.0,0.0,0.0,0.0,False,False
845,0,0,0,[],0.0,0.0,0.0,0.0,False,False
846,0,0,0,[],0.0,0.0,0.0,0.0,False,False
847,0,0,0,[],0.0,0.0,0.0,0.0,False,False
848,0,1,0,1,0.0,0.0,1175712.0,0.0,False,True
849,2,6,2,6,14441528.0,2000000.0,1000000.0,2000000.0,True,True
850,0,0,0,[],0.0,0.0,0.0,0.0,False,False
851,0,0,0,[],0.0,0.0,0.0,0.0,False,False
852,0,0,0,[],0.0,0.0,0.0,0.0,False,False
853,0,0,0,[],0.0,0.0,0.0,0.0,False,False
854,0,0,0,[],0.0,0.0,0.0,0.0,False,False
855,2,4,0,0,0.0,0.0,19500000.0,0.0,False,True
856,0,0,0,[],0.0,0.0,0.0,0.0,False,False
857,0,0,0,[],0.0,0.0,0.0,0.0,False,False
858,2,3,0,0,0.0,0.0,18369107.0,0.0,False,True
859,0,1,0,1,0.0,0.0,25599979.0,0.0,False,True
860,0,0,0,[],0.0,0.0,0.0,0.0,False,False
861,0,0,0,[],0.0,0.0,0.0,0.0,False,False
862,0,0,0,[],0.0,0.0,0.0,0.0,False,False
863,0,0,0,[],0.0,0.0,0.0,0.0,False,False
864,0,0,0,[],0.0,0.0,0.0,0.0,False,False
865,0,0,0,[],0.0,0.0,0.0,0.0,False,False
866,0,0,0,[],0.0,0.0,0.0,0.0,False,False
867,0,0,0,[],0.0,0.0,0.0,0.0,False,False
868,0,0,0,[],0.0,0.0,0.0,0.0,False,False
869,0,0,0,[],0.0,0.0,0.0,0.0,False,False
870,0,2,0,1,0.0,0.0,1954388.0,0.0,False,True
871,1,2,1,2,0.0,0.0,3283424.0,0.0,False,True
872,0,0,0,[],0.0,0.0,0.0,0.0,False,False
873,0,0,0,[],0.0,0.0,0.0,0.0,False,False
874,0,0,0,[],0.0,0.0,0.0,0.0,False,False
875,0,0,0,[],0.0,0.0,0.0,0.0,False,False
876,0,0,0,[],0.0,0.0,0.0,0.0,False,False
877,0,0,0,[],0.0,0.0,0.0,0.0,False,False
878,0,1,0,0,0.0,0.0,1954388.0,0.0,False,True
879,0,0,0,[],0.0,0.0,0.0,0.0,False,False
880,0,1,0,0,0.0,0.0,1954388.0,0.0,False,True
881,1,1,1,1,0.0,0.0,0.0,8600000.0,True,True
882,2,4,0,0,0.0,0.0,0.0,33842512.0,True,True
883,0,6,0,4,32000000.0,0.0,10000000.0,0.0,False,True
884,0,0,0,[],0.0,0.0,0.0,0.0,False,False
885,2,6,1,4,14625000.0,0.0,4290000.0,13000000.0,True,True
886,0,0,0,[],0.0,0.0,0.0,0.0,False,False
887,2,5,0,1,0.0,0.0,3743316.0,0.0,False,True
888,0,0,0,[],0.0,0.0,0.0,0.0,False,False
889,0,0,0,[],0.0,0.0,0.0,0.0,False,False
890,0,1,0,1,0.0,0.0,4810504.0,0.0,False,True
891,2,3,2,3,0.0,2.26,10526500.0,20000000.0,True,True
892,0,0,0,[],0.0,0.0,0.0,0.0,False,False
893,2,6,1,4,14625000.0,0.0,4290000.0,13000000.0,True,True
894,0,0,0,[],0.0,0.0,0.0,0.0,False,False
895,0,0,0,[],0.0,0.0,0.0,0.0,False,False
896,0,0,0,[],0.0,0.0,0.0,0.0,False,False
897,2,5,1,3,5250000.0,0.0,4290000.0,13000000.0,True,True
898,0,0,0,[],0.0,0.0,0.0,0.0,False,False
899,2,8,1,5,9953451.0,0.0,5441176.0,25000000.0,True,True
900,0,1,0,1,0.0,0.0,3616174.0,0.0,False,True
901,0,0,0,[],0.0,0.0,0.0,0.0,False,False
902,0,1,0,0,0.0,0.0,862097.0,0.0,False,True
903,0,0,0,[],0.0,0.0,0.0,0.0,False,False
904,0,0,0,[],0.0,0.0,0.0,0.0,False,False
905,0,0,0,[],0.0,0.0,0.0,0.0,False,False
906,0,0,0,[],0.0,0.0,0.0,0.0,False,False
907,0,0,0,[],0.0,0.0,0.0,0.0,False,False
908,0,0,0,[],0.0,0.0,0.0,0.0,False,False
909,0,0,0,[],0.0,0.0,0.0,0.0,False,False
910,0,0,0,[],0.0,0.0,0.0,0.0,False,False
911,1,2,1,2,0.0,0.0,8368200.0,0.0,False,True
912,1,3,1,2,0.0,0.0,1371430.0,0.0,False,True
913,0,0,0,[],0.0,0.0,0.0,0.0,False,False
914,0,0,0,[],0.0,0.0,0.0,0.0,False,False
915,0,3,0,3,16320607.0,0.0,15963034.0,0.0,False,True
916,0,0,0,[],0.0,0.0,0.0,0.0,False,False
917,0,1,0,1,0.0,0.0,3616174.0,0.0,False,True
918,0,0,0,[],0.0,0.0,0.0,0.0,False,False
919,2,5,0,1,0.0,0.0,3743316.0,0.0,False,True
920,0,0,0,[],0.0,0.0,0.0,0.0,False,False
921,0,0,0,[],0.0,0.0,0.0,0.0,False,False
922,1,3,1,3,5250000.0,0.0,5250000.0,50000000.0,True,True
923,0,0,0,[],0.0,0.0,0.0,0.0,False,False
924,0,0,0,[],0.0,0.0,0.0,0.0,False,False
925,1,3,0,1,0.0,0.0,4290000.0,13000000.0,True,True
926,0,0,0,[],0.0,0.0,0.0,0.0,False,False
927,0,3,0,3,16320607.0,0.0,15963034.0,0.0,False,True
928,2,8,1,5,9953451.0,0.0,5441176.0,25000000.0,True,True
929,0,0,0,[],0.0,0.0,0.0,0.0,False,False
930,0,0,0,[],0.0,0.0,0.0,0.0,False,False
931,2,2,0,0,0.0,0.0,0.0,125000000.0,True,True
932,0,0,0,[],0.0,0.0,0.0,0.0,False,False
933,1,3,0,2,4046814.0,0.0,4046814.0,15000000.0,True,True
934,0,0,0,[],0.0,0.0,0.0,0.0,False,False
935,1,3,0,2,4046814.0,0.0,4046814.0,15000000.0,True,True
936,0,0,0,[],0.0,0.0,0.0,0.0,False,False
937,0,0,0,[],0.0,0.0,0.0,0.0,False,False
938,0,0,0,[],0.0,0.0,0.0,0.0,False,False
939,0,1,0,0,0.0,0.0,1954388.0,0.0,False,True
940,1,2,1,2,0.0,0.0,3720500.0,4100000.0,True,True
941,3,6,3,5,6571428.0,30000000.001,3734914.0,0.0,False,True
942,1,2,1,2,0.0,0.0,25405000.0,25000000.0,True,True
943,1,2,1,2,0.0,0.0,4160000.0,0.0,False,True
944,0,2,0,2,1392345.0,0.0,2855014.0,0.0,False,True
945,0,0,0,[],0.0,0.0,0.0,0.0,False,False
946,0,0,0,[],0.0,0.0,0.0,0.0,False,False
947,0,0,0,[],0.0,0.0,0.0,0.0,False,False
948,0,6,0,4,13226737.0,0.0,1700000.0,0.0,False,True
949,0,0,0,[],0.0,0.0,0.0,0.0,False,False
950,0,0,0,[],0.0,0.0,0.0,0.0,False,False
951,0,2,0,2,11291334.0,0.0,10401504.0,0.0,False,True
952,0,0,0,[],0.0,0.0,0.0,0.0,False,False
953,0,0,0,[],0.0,0.0,0.0,0.0,False,False
954,0,3,0,3,16320607.0,0.0,15963034.0,0.0,False,True
955,0,0,0,[],0.0,0.0,0.0,0.0,False,False
956,2,7,1,4,9240541.0,0.0,5441176.0,25000000.0,True,True
957,3,6,3,5,6571428.0,30000000.001,3734914.0,0.0,False,True
958,0,0,0,[],0.0,0.0,0.0,0.0,False,False
959,2,7,1,4,9240541.0,0.0,5441176.0,25000000.0,True,True
960,0,0,0,[],0.0,0.0,0.0,0.0,False,False
961,0,0,0,[],0.0,0.0,0.0,0.0,False,False
962,0,0,0,[],0.0,0.0,0.0,0.0,False,False
963,0,0,0,[],0.0,0.0,0.0,0.0,False,False
964,0,0,0,[],0.0,0.0,0.0,0.0,False,False
965,0,2,0,2,357573.0,0.0,15963034.0,0.0,False,True
966,1,2,1,2,0.0,0.0,20000000.0,0.0,False,True
967,0,1,0,1,0.0,0.0,3925716.0,0.0,False,True
968,0,0,0,[],0.0,0.0,0.0,0.0,False,False
969,2,7,1,4,9240541.0,0.0,5441176.0,25000000.0,True,True
970,0,2,0,2,357573.0,0.0,15963034.0,0.0,False,True
971,0,0,0,[],0.0,0.0,0.0,0.0,False,False
972,2,7,1,4,9240541.0,0.0,5441176.0,25000000.0,True,True
973,0,0,0,[],0.0,0.0,0.0,0.0,False,False
974,0,0,0,[],0.0,0.0,0.0,0.0,False,False
975,0,0,0,[],0.0,0.0,0.0,0.0,False,False
976,0,0,0,[],0.0,0.0,0.0,0.0,False,False
977,0,2,0,2,1392345.0,0.0,2855014.0,0.0,False,True
978,0,0,0,[],0.0,0.0,0.0,0.0,False,False
979,2,2,2,2,0.0,0.001,0.0,120000000.0,True,True
980,0,0,0,[],0.0,0.0,0.0,0.0,False,False
981,0,2,0,2,1392345.0,0.0,2855014.0,0.0,False,True
982,0,0,0,[],0.0,0.0,0.0,0.0,False,False
983,0,0,0,[],0.0,0.0,0.0,0.0,False,False
984,0,1,0,1,0.0,0.0,3925716.0,0.0,False,True
985,0,1,0,0,0.0,0.0,1954388.0,0.0,False,True
986,0,0,0,[],0.0,0.0,0.0,0.0,False,False
987,2,4,2,4,2000000.0,0.8,7000000.0,60000000.0,True,True
988,0,2,0,1,0.0,0.0,19335600.0,0.0,False,True
989,0,0,0,[],0.0,0.0,0.0,0.0,False,False
990,0,0,0,[],0.0,0.0,0.0,0.0,False,False
991,0,0,0,[],0.0,0.0,0.0,0.0,False,False
992,1,2,0,0,0.0,0.0,4500000.0,75000000.0,True,True
993,0,0,0,[],0.0,0.0,0.0,0.0,False,False
994,0,0,0,[],0.0,0.0,0.0,0.0,False,False
995,0,0,0,[],0.0,0.0,0.0,0.0,False,False
996,0,0,0,[],0.0,0.0,0.0,0.0,False,False
997,0,0,0,[],0.0,0.0,0.0,0.0,False,False
998,3,5,2,3,0.0,50000000.0,9411765.0,80000000.0,True,True
999,2,2,2,2,0.0,0.001,0.0,120000000.0,True,True
1000,0,0,0,[],0.0,0.0,0.0,0.0,False,False
1001,0,0,0,[],0.0,0.0,0.0,0.0,False,False
1002,0,0,0,[],0.0,0.0,0.0,0.0,False,False
1003,1,1,1,1,0.0,0.0,0.0,62821700.0,True,True
1004,0,0,0,[],0.0,0.0,0.0,0.0,False,False
1005,0,0,0,[],0.0,0.0,0.0,0.0,False,False
1006,0,0,0,[],0.0,0.0,0.0,0.0,False,False
1007,0,0,0,[],0.0,0.0,0.0,0.0,False,False
1008,0,0,0,[],0.0,0.0,0.0,0.0,False,False
1009,0,0,0,[],0.0,0.0,0.0,0.0,False,False
1010,0,0,0,[],0.0,0.0,0.0,0.0,False,False
1011,0,0,0,[],0.0,0.0,0.0,0.0,False,False
1012,0,0,0,[],0.0,0.0,0.0,0.0,False,False
1013,0,0,0,[],0.0,0.0,0.0,0.0,False,False
1014,0,0,0,[],0.0,0.0,0.0,0.0,False,False
1015,0,0,0,[],0.0,0.0,0.0,0.0,False,False
1016,2,5,0,1,0.0,0.0,3743316.0,0.0,False,True
1017,0,0,0,[],0.0,0.0,0.0,0.0,False,False
1018,0,0,0,[],0.0,0.0,0.0,0.0,False,False
1019,0,0,0,[],0.0,0.0,0.0,0.0,False,False
1020,0,0,0,[],0.0,0.0,0.0,0.0,False,False
1021,0,1,0,1,0.0,0.0,3616174.0,0.0,False,True
1022,1,3,0,2,1092636.0,0.0,4290000.0,13000000.0,True,True
1023,0,0,0,[],0.0,0.0,0.0,0.0,False,False
1024,0,0,0,[],0.0,0.0,0.0,0.0,False,False
1025,0,0,0,[],0.0,0.0,0.0,0.0,False,False
1026,0,0,0,[],0.0,0.0,0.0,0.0,False,False
1027,0,0,0,[],0.0,0.0,0.0,0.0,False,False
1028,0,1,0,0,0.0,0.0,1371430.0,0.0,False,True
1029,1,2,1,2,0.0,0.0,25405000.0,25000000.0,True,True
1030,0,0,0,[],0.0,0.0,0.0,0.0,False,False
1031,2,4,1,2,0.0,0.0,20534898.0,34000000.0,True,True
1032,0,0,0,[],0.0,0.0,0.0,0.0,False,False
1033,0,0,0,[],0.0,0.0,0.0,0.0,False,False
1034,1,2,0,0,0.0,0.0,4500000.0,75000000.0,True,True
1035,0,0,0,[],0.0,0.0,0.0,0.0,False,False
1036,0,0,0,[],0.0,0.0,0.0,0.0,False,False
1037,0,0,0,[],0.0,0.0,0.0,0.0,False,False
1038,0,0,0,[],0.0,0.0,0.0,0.0,False,False
1039,0,0,0,[],0.0,0.0,0.0,0.0,False,False
1040,0,0,0,[],0.0,0.0,0.0,0.0,False,False
1041,0,0,0,[],0.0,0.0,0.0,0.0,False,False
1042,2,7,1,4,9240541.0,0.0,5441176.0,25000000.0,True,True
1043,0,0,0,[],0.0,0.0,0.0,0.0,False,False
1044,0,0,0,[],0.0,0.0,0.0,0.0,False,False
1045,0,2,0,1,0.0,0.0,1500000.0,0.0,False,True
1046,2,6,1,3,8592308.0,0.0,5441176.0,25000000.0,True,True
1047,0,0,0,[],0.0,0.0,0.0,0.0,False,False
1048,2,6,1,3,8592308.0,0.0,5441176.0,25000000.0,True,True
1049,0,0,0,[],0.0,0.0,0.0,0.0,False,False
1050,0,0,0,[],0.0,0.0,0.0,0.0,False,False
1051,0,0,0,[],0.0,0.0,0.0,0.0,False,False
1052,0,0,0,[],0.0,0.0,0.0,0.0,False,False
1053,0,0,0,[],0.0,0.0,0.0,0.0,False,False
1054,0,0,0,[],0.0,0.0,0.0,0.0,False,False
1055,0,0,0,[],0.0,0.0,0.0,0.0,False,False
1056,0,0,0,[],0.0,0.0,0.0,0.0,False,False
1057,0,0,0,[],0.0,0.0,0.0,0.0,False,False
1058,1,1,1,1,0.0,0.0,0.0,50000000.0,True,True
1059,0,0,0,[],0.0,0.0,0.0,0.0,False,False
1060,0,0,0,[],0.0,0.0,0.0,0.0,False,False
1061,0,0,0,[],0.0,0.0,0.0,0.0,False,False
1062,0,0,0,[],0.0,0.0,0.0,0.0,False,False
1063,0,0,0,[],0.0,0.0,0.0,0.0,False,False
1064,2,5,0,1,0.0,0.0,3743316.0,0.0,False,True
1065,0,0,0,[],0.0,0.0,0.0,0.0,False,False
1066,2,3,2,3,0.0,10000000.0,4210527.0,0.0,False,True
1067,0,0,0,[],0.0,0.0,0.0,0.0,False,False
1068,1,2,1,2,0.0,0.0,8368200.0,0.0,False,True
1069,0,0,0,[],0.0,0.0,0.0,0.0,False,False
1070,0,0,0,[],0.0,0.0,0.0,0.0,False,False
1071,0,0,0,[],0.0,0.0,0.0,0.0,False,False
1072,0,0,0,[],0.0,0.0,0.0,0.0,False,False
1073,0,0,0,[],0.0,0.0,0.0,0.0,False,False
1074,1,1,1,1,0.0,0.0,0.0,6602390.0,True,True
1075,0,0,0,[],0.0,0.0,0.0,0.0,False,False
1076,0,0,0,[],0.0,0.0,0.0,0.0,False,False
1077,1,2,1,2,0.0,0.0,3720500.0,4100000.0,True,True
1078,1,3,0,2,1092636.0,0.0,4290000.0,13000000.0,True,True
1079,0,0,0,[],0.0,0.0,0.0,0.0,False,False
1080,0,0,0,[],0.0,0.0,0.0,0.0,False,False
1081,0,0,0,[],0.0,0.0,0.0,0.0,False,False
1082,0,0,0,[],0.0,0.0,0.0,0.0,False,False
1083,1,3,0,2,1092636.0,0.0,4290000.0,13000000.0,True,True
1084,0,0,0,[],0.0,0.0,0.0,0.0,False,False
1085,0,3,0,3,666.0,0.0,3228461.0,0.0,False,True
1086,0,0,0,[],0.0,0.0,0.0,0.0,False,False
1087,0,0,0,[],0.0,0.0,0.0,0.0,False,False
1088,0,0,0,[],0.0,0.0,0.0,0.0,False,False
1089,0,0,0,[],0.0,0.0,0.0,0.0,False,False
1090,0,3,0,3,666.0,0.0,3228461.0,0.0,False,True
1091,0,0,0,[],0.0,0.0,0.0,0.0,False,False
1092,0,0,0,[],0.0,0.0,0.0,0.0,False,False
1093,0,3,0,3,666.0,0.0,3228461.0,0.0,False,True
1094,0,3,0,3,666.0,0.0,3228461.0,0.0,False,True
1095,0,0,0,[],0.0,0.0,0.0,0.0,False,False
1096,0,0,0,[],0.0,0.0,0.0,0.0,False,False
1097,0,1,0,0,0.0,0.0,862097.0,0.0,False,True
1098,0,0,0,[],0.0,0.0,0.0,0.0,False,False
1099,0,0,0,[],0.0,0.0,0.0,0.0,False,False
1100,0,3,0,3,666.0,0.0,3228461.0,0.0,False,True
1101,0,0,0,[],0.0,0.0,0.0,0.0,False,False
1102,0,1,0,1,0.0,0.0,1857143.0,0.0,False,True
1103,1,3,0,2,1092636.0,0.0,4290000.0,13000000.0,True,True
1104,0,0,0,[],0.0,0.0,0.0,0.0,False,False
1105,0,0,0,[],0.0,0.0,0.0,0.0,False,False
1106,0,0,0,[],0.0,0.0,0.0,0.0,False,False
1107,0,0,0,[],0.0,0.0,0.0,0.0,False,False
1108,0,0,0,[],0.0,0.0,0.0,0.0,False,False
1109,0,0,0,[],0.0,0.0,0.0,0.0,False,False
1110,0,1,0,0,0.0,0.0,1371430.0,0.0,False,True
1111,0,1,0,1,0.0,0.0,1954388.0,0.0,False,True
1112,0,0,0,[],0.0,0.0,0.0,0.0,False,False
1113,0,0,0,[],0.0,0.0,0.0,0.0,False,False
1114,0,0,0,[],0.0,0.0,0.0,0.0,False,False
1115,0,0,0,[],0.0,0.0,0.0,0.0,False,False
1116,0,0,0,[],0.0,0.0,0.0,0.0,False,False
1117,1,2,1,2,0.0,0.0,4160000.0,0.0,False,True
1118,0,0,0,[],0.0,0.0,0.0,0.0,False,False
1119,0,0,0,[],0.0,0.0,0.0,0.0,False,False
1120,0,0,0,[],0.0,0.0,0.0,0.0,False,False
1121,0,2,0,0,0.0,0.0,3571425.0,0.0,False,True
1122,0,0,0,[],0.0,0.0,0.0,0.0,False,False
1123,0,1,0,1,0.0,0.0,1954388.0,0.0,False,True
1124,1,1,1,1,0.0,0.0,0.0,62821700.0,True,True
1125,0,0,0,[],0.0,0.0,0.0,0.0,False,False
1126,0,0,0,[],0.0,0.0,0.0,0.0,False,False
1127,3,3,2,2,0.0,62821700.0,0.0,0.0,False,True
1128,2,4,1,2,0.0,0.0,19500000.0,0.0,False,True
1129,0,0,0,[],0.0,0.0,0.0,0.0,False,False
1130,0,1,0,1,0.0,0.0,1954388.0,0.0,False,True
1131,0,0,0,[],0.0,0.0,0.0,0.0,False,False
1132,0,0,0,[],0.0,0.0,0.0,0.0,False,False
1133,1,3,1,3,1603442.0,0.0,20534898.0,34000000.0,True,True
1134,0,0,0,[],0.0,0.0,0.0,0.0,False,False
1135,0,0,0,[],0.0,0.0,0.0,0.0,False,False
1136,0,0,0,[],0.0,0.0,0.0,0.0,False,False
1137,0,0,0,[],0.0,0.0,0.0,0.0,False,False
1138,0,1,0,1,0.0,0.0,3228461.0,0.0,False,True
1139,0,2,0,2,1392345.0,0.0,2855014.0,0.0,False,True
1140,0,0,0,[],0.0,0.0,0.0,0.0,False,False
1141,0,1,0,1,0.0,0.0,1954388.0,0.0,False,True
1142,2,4,2,4,2941176.0,32.15,1105263.0,0.0,False,True
1143,0,1,0,1,0.0,0.0,1954388.0,0.0,False,True
1144,4,9,1,2,0.0,0.0,1692151.0,0.0,False,True
1145,0,1,0,1,0.0,0.0,2588738.0,0.0,False,True
1146,0,0,0,[],0.0,0.0,0.0,0.0,False,False
1147,0,0,0,[],0.0,0.0,0.0,0.0,False,False
1148,0,0,0,[],0.0,0.0,0.0,0.0,False,False
1149,0,0,0,[],0.0,0.0,0.0,0.0,False,False
1150,0,0,0,[],0.0,0.0,0.0,0.0,False,False
1151,1,2,1,2,0.0,0.0,20000000.0,0.0,False,True
1152,0,0,0,[],0.0,0.0,0.0,0.0,False,False
1153,0,0,0,[],0.0,0.0,0.0,0.0,False,False
1154,0,0,0,[],0.0,0.0,0.0,0.0,False,False
1155,0,2,0,1,0.0,0.0,4448274.0,0.0,False,True
1156,1,1,0,0,0.0,0.0,0.0,40000000.0,True,True
1157,0,2,0,2,1392345.0,0.0,2855014.0,0.0,False,True
1158,0,0,0,[],0.0,0.0,0.0,0.0,False,False
1159,1,1,0,0,0.0,0.0,0.0,50000000.0,True,True
1160,0,0,0,[],0.0,0.0,0.0,0.0,False,False
1161,0,0,0,[],0.0,0.0,0.0,0.0,False,False
1162,0,0,0,[],0.0,0.0,0.0,0.0,False,False
1163,0,0,0,[],0.0,0.0,0.0,0.0,False,False
1164,1,3,1,2,0.0,0.0,28919486.0,25000000.0,True,True
1165,1,2,1,2,0.0,0.0,4290000.0,13000000.0,True,True
1166,0,2,0,1,0.0,0.0,0.0,0.0,False,True
1167,0,0,0,[],0.0,0.0,0.0,0.0,False,False
1168,0,0,0,[],0.0,0.0,0.0,0.0,False,False
1169,0,0,0,[],0.0,0.0,0.0,0.0,False,False
1170,0,0,0,[],0.0,0.0,0.0,0.0,False,False
1171,0,0,0,[],0.0,0.0,0.0,0.0,False,False
1172,0,1,0,1,0.0,0.0,1371430.0,0.0,False,True
1173,1,2,1,2,0.0,0.0,9000000.0,80000000.0,True,True
1174,0,3,0,2,24700000.0,0.0,0.0,0.0,False,True
1175,0,0,0,[],0.0,0.0,0.0,0.0,False,False
1176,1,2,1,2,0.0,0.0,4290000.0,13000000.0,True,True
1177,0,1,0,1,0.0,0.0,1954388.0,0.0,False,True
1178,0,1,0,1,0.0,0.0,3228461.0,0.0,False,True
1179,1,2,1,2,0.0,0.0,20000000.0,0.0,False,True
1180,1,2,1,2,0.0,0.0,20000000.0,0.0,False,True
1181,1,4,1,2,0.0,0.0,3500000.0,0.0,False,True
1182,0,1,0,1,0.0,0.0,1371430.0,0.0,False,True
1183,1,1,1,1,0.0,0.0,0.0,40000000.0,True,True
1184,0,0,0,[],0.0,0.0,0.0,0.0,False,False
1185,0,0,0,[],0.0,0.0,0.0,0.0,False,False
1186,0,0,0,[],0.0,0.0,0.0,0.0,False,False
1187,0,0,0,[],0.0,0.0,0.0,0.0,False,False
1188,1,1,1,1,0.0,0.0,0.0,15000000.0,True,True
1189,0,0,0,[],0.0,0.0,0.0,0.0,False,False
1190,0,0,0,[],0.0,0.0,0.0,0.0,False,False
1191,0,2,0,0,0.0,0.0,3571425.0,0.0,False,True
1192,0,0,0,[],0.0,0.0,0.0,0.0,False,False
1193,0,0,0,[],0.0,0.0,0.0,0.0,False,False
1194,0,0,0,[],0.0,0.0,0.0,0.0,False,False
1195,0,2,0,1,0.0,0.0,314286.0,0.0,False,True
1196,0,0,0,[],0.0,0.0,0.0,0.0,False,False
1197,0,0,0,[],0.0,0.0,0.0,0.0,False,False
1198,0,0,0,[],0.0,0.0,0.0,0.0,False,False
1199,0,0,0,[],0.0,0.0,0.0,0.0,False,False
1200,0,0,0,[],0.0,0.0,0.0,0.0,False,False
1201,0,0,0,[],0.0,0.0,0.0,0.0,False,False
1202,0,0,0,[],0.0,0.0,0.0,0.0,False,False
1203,1,6,0,0,0.0,0.0,6966667.0,0.0,False,True
1204,0,0,0,[],0.0,0.0,0.0,0.0,False,False
1205,0,0,0,[],0.0,0.0,0.0,0.0,False,False
1206,0,0,0,[],0.0,0.0,0.0,0.0,False,False
1207,1,1,1,1,0.0,0.0,0.0,40000000.0,True,True
1208,0,0,0,[],0.0,0.0,0.0,0.0,False,False
1209,0,0,0,[],0.0,0.0,0.0,0.0,False,False
1210,1,1,1,1,0.0,0.0,0.0,40000000.0,True,True
1211,0,0,0,[],0.0,0.0,0.0,0.0,False,False
1212,0,0,0,[],0.0,0.0,0.0,0.0,False,False
1213,0,0,0,[],0.0,0.0,0.0,0.0,False,False
1214,0,0,0,[],0.0,0.0,0.0,0.0,False,False
1215,0,0,0,[],0.0,0.0,0.0,0.0,False,False
1216,1,3,0,1,0.0,0.0,5441176.0,25000000.0,True,True
1217,0,0,0,[],0.0,0.0,0.0,0.0,False,False
1218,0,0,0,[],0.0,0.0,0.0,0.0,False,False
1219,0,0,0,[],0.0,0.0,0.0,0.0,False,False
1220,0,0,0,[],0.0,0.0,0.0,0.0,False,False
1221,1,1,0,0,0.0,0.0,0.0,0.0,False,True
1222,1,3,0,1,0.0,0.0,2475248.0,0.0,False,True
1223,0,0,0,[],0.0,0.0,0.0,0.0,False,False
1224,0,0,0,[],0.0,0.0,0.0,0.0,False,False
1225,0,0,0,[],0.0,0.0,0.0,0.0,False,False
1226,0,0,0,[],0.0,0.0,0.0,0.0,False,False
1227,0,0,0,[],0.0,0.0,0.0,0.0,False,False
1228,0,2,0,1,0.0,0.0,0.0,0.0,False,True
1229,0,0,0,[],0.0,0.0,0.0,0.0,False,False
1230,0,0,0,[],0.0,0.0,0.0,0.0,False,False
1231,0,0,0,[],0.0,0.0,0.0,0.0,False,False
1232,0,0,0,[],0.0,0.0,0.0,0.0,False,False
1233,0,0,0,[],0.0,0.0,0.0,0.0,False,False
1234,0,2,0,1,0.0,0.0,4448274.0,0.0,False,True
1235,1,2,1,1,0.0,0.0,2594082.0,0.0,False,True
1236,0,0,0,[],0.0,0.0,0.0,0.0,False,False
1237,0,0,0,[],0.0,0.0,0.0,0.0,False,False
1238,1,1,1,1,0.0,0.0,0.0,13000000.0,True,True
1239,0,0,0,[],0.0,0.0,0.0,0.0,False,False
1240,0,0,0,[],0.0,0.0,0.0,0.0,False,False
1241,0,0,0,[],0.0,0.0,0.0,0.0,False,False
1242,1,2,1,2,0.0,0.0,7000000.0,50000000.0,True,True
1243,1,3,0,1,0.0,0.0,5441176.0,25000000.0,True,True
1244,0,0,0,[],0.0,0.0,0.0,0.0,False,False
1245,0,0,0,[],0.0,0.0,0.0,0.0,False,False
1246,0,0,0,[],0.0,0.0,0.0,0.0,False,False
1247,4,9,3,4,0.0,19000000.0,1692151.0,0.0,False,True
1248,0,0,0,[],0.0,0.0,0.0,0.0,False,False
1249,0,0,0,[],0.0,0.0,0.0,0.0,False,False
1250,0,0,0,[],0.0,0.0,0.0,0.0,False,False
1251,0,0,0,[],0.0,0.0,0.0,0.0,False,False
1252,0,0,0,[],0.0,0.0,0.0,0.0,False,False
1253,0,0,0,[],0.0,0.0,0.0,0.0,False,False
1254,0,0,0,[],0.0,0.0,0.0,0.0,False,False
1255,0,0,0,[],0.0,0.0,0.0,0.0,False,False
1256,0,0,0,[],0.0,0.0,0.0,0.0,False,False
1257,0,0,0,[],0.0,0.0,0.0,0.0,False,False
1258,0,0,0,[],0.0,0.0,0.0,0.0,False,False
1259,0,0,0,[],0.0,0.0,0.0,0.0,False,False
1260,1,1,1,1,0.0,0.0,0.0,7000000.0,True,True
1261,0,0,0,[],0.0,0.0,0.0,0.0,False,False
1262,1,2,1,2,0.0,0.0,9000000.0,80000000.0,True,True
1263,0,0,0,[],0.0,0.0,0.0,0.0,False,False
1264,2,2,2,2,0.0,40000000.0,0.0,20000000.0,True,True
1265,0,0,0,[],0.0,0.0,0.0,0.0,False,False
1266,0,0,0,[],0.0,0.0,0.0,0.0,False,False
1267,0,1,0,1,0.0,0.0,862097.0,0.0,False,True
1268,0,0,0,[],0.0,0.0,0.0,0.0,False,False
1269,0,1,0,1,0.0,0.0,1371430.0,0.0,False,True
1270,0,0,0,[],0.0,0.0,0.0,0.0,False,False
1271,0,0,0,[],0.0,0.0,0.0,0.0,False,False
1272,0,0,0,[],0.0,0.0,0.0,0.0,False,False
1273,0,0,0,[],0.0,0.0,0.0,0.0,False,False
1274,0,0,0,[],0.0,0.0,0.0,0.0,False,False
1275,0,0,0,[],0.0,0.0,0.0,0.0,False,False
1276,0,0,0,[],0.0,0.0,0.0,0.0,False,False
1277,0,0,0,[],0.0,0.0,0.0,0.0,False,False
1278,0,1,0,1,0.0,0.0,862097.0,0.0,False,True
1279,0,0,0,[],0.0,0.0,0.0,0.0,False,False
1280,0,0,0,[],0.0,0.0,0.0,0.0,False,False
1281,0,0,0,[],0.0,0.0,0.0,0.0,False,False
1282,0,1,0,1,0.0,0.0,862097.0,0.0,False,True
1283,0,0,0,[],0.0,0.0,0.0,0.0,False,False
1284,0,0,0,[],0.0,0.0,0.0,0.0,False,False
1285,0,0,0,[],0.0,0.0,0.0,0.0,False,False
1286,0,3,0,0,0.0,0.0,850000.0,0.0,False,True
1287,0,0,0,[],0.0,0.0,0.0,0.0,False,False
1288,0,0,0,[],0.0,0.0,0.0,0.0,False,False
1289,0,0,0,[],0.0,0.0,0.0,0.0,False,False
1290,0,0,0,[],0.0,0.0,0.0,0.0,False,False
1291,0,0,0,[],0.0,0.0,0.0,0.0,False,False
1292,0,0,0,[],0.0,0.0,0.0,0.0,False,False
1293,4,9,3,4,0.0,19000000.0,1692151.0,0.0,False,True
1294,5,8,2,4,7000000.0,100000000.0,3300000.0,19000000.0,True,True
1295,0,0,0,[],0.0,0.0,0.0,0.0,False,False
1296,0,0,0,[],0.0,0.0,0.0,0.0,False,False
1297,0,0,0,[],0.0,0.0,0.0,0.0,False,False
1298,0,0,0,[],0.0,0.0,0.0,0.0,False,False
1299,0,0,0,[],0.0,0.0,0.0,0.0,False,False
1300,0,1,0,1,0.0,0.0,1954388.0,0.0,False,True
1301,0,2,0,0,0.0,0.0,3571425.0,0.0,False,True
1302,1,1,1,1,0.0,0.0,0.0,13000000.0,True,True
1303,4,9,3,4,0.0,19000000.0,1692151.0,0.0,False,True
1304,0,0,0,[],0.0,0.0,0.0,0.0,False,False
1305,0,0,0,[],0.0,0.0,0.0,0.0,False,False
1306,0,0,0,[],0.0,0.0,0.0,0.0,False,False
1307,0,0,0,[],0.0,0.0,0.0,0.0,False,False
1308,0,0,0,[],0.0,0.0,0.0,0.0,False,False
1309,0,0,0,[],0.0,0.0,0.0,0.0,False,False
1310,0,0,0,[],0.0,0.0,0.0,0.0,False,False
1311,0,0,0,[],0.0,0.0,0.0,0.0,False,False
1312,1,2,1,2,0.0,0.0,20534898.0,34000000.0,True,True
1313,0,0,0,[],0.0,0.0,0.0,0.0,False,False
1314,0,0,0,[],0.0,0.0,0.0,0.0,False,False
1315,0,0,0,[],0.0,0.0,0.0,0.0,False,False
1316,1,6,1,5,2685000.0,0.0,0.0,42589233.0,True,True
1317,1,2,1,2,0.0,0.0,20534898.0,34000000.0,True,True
1318,0,0,0,[],0.0,0.0,0.0,0.0,False,False
1319,1,1,0,0,0.0,0.0,0.0,50000000.0,True,True
1320,0,0,0,[],0.0,0.0,0.0,0.0,False,False
1321,1,2,1,2,0.0,0.0,20534898.0,34000000.0,True,True
1322,0,0,0,[],0.0,0.0,0.0,0.0,False,False
1323,0,0,0,[],0.0,0.0,0.0,0.0,False,False
1324,2,4,1,2,0.0,0.0,5000000.0,0.0,False,True
1325,0,0,0,[],0.0,0.0,0.0,0.0,False,False
1326,0,0,0,[],0.0,0.0,0.0,0.0,False,False
1327,0,0,0,[],0.0,0.0,0.0,0.0,False,False
1328,0,0,0,[],0.0,0.0,0.0,0.0,False,False
1329,4,9,3,4,0.0,19000000.0,1692151.0,0.0,False,True
1330,3,7,2,3,0.0,20000000.0,649074.0,0.0,False,True
1331,0,0,0,[],0.0,0.0,0.0,0.0,False,False
1332,0,0,0,[],0.0,0.0,0.0,0.0,False,False
1333,1,1,1,1,0.0,0.0,0.0,40000000.0,True,True
1334,0,0,0,[],0.0,0.0,0.0,0.0,False,False
1335,0,0,0,[],0.0,0.0,0.0,0.0,False,False
1336,0,3,0,1,0.0,0.0,850000.0,0.0,False,True
1337,1,1,0,0,0.0,0.0,0.0,50000000.0,True,True
1338,0,1,0,0,0.0,0.0,0.0,0.0,False,True
1339,1,6,1,5,2685000.0,0.0,0.0,42589233.0,True,True
1340,3,8,2,3,0.0,5000000.0,1692151.0,0.0,False,True
1341,0,0,0,[],0.0,0.0,0.0,0.0,False,False
1342,0,0,0,[],0.0,0.0,0.0,0.0,False,False
1343,3,8,2,3,0.0,5000000.0,1692151.0,0.0,False,True
1344,0,0,0,[],0.0,0.0,0.0,0.0,False,False
1345,0,3,0,1,0.0,0.0,850000.0,0.0,False,True
1346,0,0,0,[],0.0,0.0,0.0,0.0,False,False
1347,0,3,0,1,0.0,0.0,850000.0,0.0,False,True
1348,0,0,0,[],0.0,0.0,0.0,0.0,False,False
1349,1,1,1,1,0.0,0.0,0.0,13000000.0,True,True
1350,1,1,0,0,0.0,0.0,0.0,50000000.0,True,True
1351,2,2,2,2,0.0,40000000.0,0.0,20000000.0,True,True
1352,3,8,2,3,0.0,5000000.0,1692151.0,0.0,False,True
1353,1,4,1,3,12244898.0,0.0,6800000.0,80000000.0,True,True
1354,0,0,0,[],0.0,0.0,0.0,0.0,False,False
1355,3,5,2,3,0.0,20000000.0,2400000.0,0.0,False,True
1356,1,2,0,0,0.0,0.0,5000000.0,0.0,False,True
1357,1,1,0,0,0.0,0.0,0.0,50000000.0,True,True
1358,0,0,0,[],0.0,0.0,0.0,0.0,False,False
1359,1,2,0,1,0.0,0.0,0.0,5700000.0,True,True
1360,0,0,0,[],0.0,0.0,0.0,0.0,False,False
1361,2,4,2,3,0.0,0.65,37095777.0,9135000.0,True,True
1362,3,5,1,1,0.0,0.0,2500000.0,150000000.0,True,True
1363,0,0,0,[],0.0,0.0,0.0,0.0,False,False
1364,0,0,0,[],0.0,0.0,0.0,0.0,False,False
1365,0,0,0,[],0.0,0.0,0.0,0.0,False,False
1366,1,1,1,1,0.0,0.0,0.0,40000000.0,True,True
1367,0,0,0,[],0.0,0.0,0.0,0.0,False,False
1368,0,0,0,[],0.0,0.0,0.0,0.0,False,False
1369,3,8,3,6,3883791.0,10000000.0,1692151.0,0.0,False,True
1370,1,1,1,1,0.0,0.0,0.0,40000000.0,True,True
1371,0,0,0,[],0.0,0.0,0.0,0.0,False,False
1372,0,0,0,[],0.0,0.0,0.0,0.0,False,False
1373,0,0,0,[],0.0,0.0,0.0,0.0,False,False
1374,1,6,1,5,2685000.0,0.0,0.0,42589233.0,True,True
1375,0,0,0,[],0.0,0.0,0.0,0.0,False,False
1376,2,4,2,4,30000000.0,0.65,37095777.0,9135000.0,True,True
1377,1,1,0,0,0.0,0.0,0.0,200000000.0,True,True
1378,0,0,0,[],0.0,0.0,0.0,0.0,False,False
1379,1,6,1,5,2685000.0,0.0,0.0,42589233.0,True,True
1380,0,0,0,[],0.0,0.0,0.0,0.0,False,False
1381,2,2,2,2,0.0,40000000.0,0.0,20000000.0,True,True
1382,0,0,0,[],0.0,0.0,0.0,0.0,False,False
1383,0,0,0,[],0.0,0.0,0.0,0.0,False,False
1384,3,6,2,5,13000000.0,7.33,3300000.0,19000000.0,True,True
1385,1,6,1,5,2685000.0,0.0,0.0,42589233.0,True,True
1386,0,0,0,[],0.0,0.0,0.0,0.0,False,False
1387,1,1,0,0,0.0,0.0,0.0,200000000.0,True,True
1388,0,0,0,[],0.0,0.0,0.0,0.0,False,False
1389,0,0,0,[],0.0,0.0,0.0,0.0,False,False
1390,0,3,0,2,12244898.0,0.0,6800000.0,0.0,False,True
1391,0,0,0,[],0.0,0.0,0.0,0.0,False,False
1392,1,1,1,1,0.0,0.0,0.0,5700000.0,True,True
1393,0,0,0,[],0.0,0.0,0.0,0.0,False,False
1394,1,1,0,0,0.0,0.0,0.0,200000000.0,True,True
1395,0,1,0,0,0.0,0.0,21637429.0,0.0,False,True
1396,0,0,0,[],0.0,0.0,0.0,0.0,False,False
1397,4,5,1,2,0.0,0.0,9375000.0,150000000.0,True,True
1398,1,6,1,5,2685000.0,0.0,0.0,42589233.0,True,True
1399,0,0,0,[],0.0,0.0,0.0,0.0,False,False
1400,1,6,1,5,2685000.0,0.0,0.0,42589233.0,True,True
1401,1,1,1,1,0.0,0.0,0.0,20000000.0,True,True
1402,0,2,0,0,0.0,0.0,2071480.0,0.0,False,True
1403,0,0,0,[],0.0,0.0,0.0,0.0,False,False
1404,0,0,0,[],0.0,0.0,0.0,0.0,False,False
1405,0,0,0,[],0.0,0.0,0.0,0.0,False,False
1406,1,1,1,1,0.0,0.0,0.0,5700000.0,True,True
1407,0,0,0,[],0.0,0.0,0.0,0.0,False,False
1408,1,2,0,0,0.0,0.0,5000000.0,0.0,False,True
1409,3,7,3,7,7462425.0,20000002.61,649074.0,0.0,False,True
1410,1,6,1,5,2685000.0,0.0,0.0,42589233.0,True,True
1411,1,6,1,5,2685000.0,0.0,0.0,42589233.0,True,True
1412,0,1,0,0,0.0,0.0,0.0,0.0,False,True
1413,0,0,0,[],0.0,0.0,0.0,0.0,False,False
1414,0,0,0,[],0.0,0.0,0.0,0.0,False,False
1415,0,0,0,[],0.0,0.0,0.0,0.0,False,False
1416,0,0,0,[],0.0,0.0,0.0,0.0,False,False
1417,0,0,0,[],0.0,0.0,0.0,0.0,False,False
1418,0,1,0,1,0.0,0.0,0.0,0.0,False,True
1419,0,0,0,[],0.0,0.0,0.0,0.0,False,False
1420,0,3,0,2,2000000.0,0.0,4761900.0,0.0,False,True
1421,0,0,0,[],0.0,0.0,0.0,0.0,False,False
1422,0,0,0,[],0.0,0.0,0.0,0.0,False,False
1423,0,0,0,[],0.0,0.0,0.0,0.0,False,False
1424,0,0,0,[],0.0,0.0,0.0,0.0,False,False
1425,0,0,0,[],0.0,0.0,0.0,0.0,False,False
1426,1,6,1,5,2685000.0,0.0,0.0,42589233.0,True,True
1427,1,4,1,4,5048632.0,0.0,649074.0,0.0,False,True
1428,1,2,0,0,0.0,0.0,5000000.0,0.0,False,True
1429,0,0,0,[],0.0,0.0,0.0,0.0,False,False
1430,0,0,0,[],0.0,0.0,0.0,0.0,False,False
1431,0,0,0,[],0.0,0.0,0.0,0.0,False,False
1432,0,0,0,[],0.0,0.0,0.0,0.0,False,False
1433,1,2,0,0,0.0,0.0,5000000.0,0.0,False,True
1434,2,3,2,2,0.0,10000000.0,76500.0,10000000.0,True,True
1435,0,1,0,1,0.0,0.0,4448274.0,0.0,False,True
1436,0,0,0,[],0.0,0.0,0.0,0.0,False,False
1437,0,0,0,[],0.0,0.0,0.0,0.0,False,False
1438,0,0,0,[],0.0,0.0,0.0,0.0,False,False
1439,1,4,1,4,5048632.0,0.0,649074.0,0.0,False,True
1440,0,0,0,[],0.0,0.0,0.0,0.0,False,False
